,Unnamed: 0.1,Unnamed: 0,scene_idx,pic_idx,file,cap0,cap1,cap2,cap3,cap4,cap5,train_cap,CIDEr,informative
0,4,4,0,2,Scene0_2.png,The boy kicks the soccer ball to the girl.,The girl is sad because the boy is mad.,The boy is near an apple tree.,The sun is partly behind a tree.,The boy is angrily kicking the soccer ball.,The girl is crying as she plays with the boy.,kids playing soccer in the park illustration.,0.09122475885158797,1.0
1,6,6,0,0,Scene0_0.png,The girl is upset because the boy isn't sharing the soccer ball.,The boy is wearing sunglasses.,The girl is wearing a silly hat.,The boy is kicking the soccer ball away from the girl.,The girl is chasing the boy to get the ball.,The girl is wearing a silly hat.,funny family running on the green grass.,1.0809253239528125e-06,1.0
2,9,9,0,3,Scene0_3.png,The ball is up in the air.,The boy is wearing a crown.,The boy is wearing sunglasses.,The boy has a gold crown.,The soccer ball is high in the air.,The girl is scared of the lightning.,boy and girl playing football on the football field.,0.00035476472241564595,1.0
3,30,30,340,1,Scene340_1.png,The boy is bringing the bear pizza.,The bear is wearing a hat.,The boy did not expect a bear.,The bear scared the boy.,The boy is holding a pizza.,The bear is wearing a hat.,boy and a bear in the park illustration.,0.2586320332161789,1.0
4,32,32,340,5,Scene340_5.png,The plane is coming in for a landing.,The bear wants the boy's pizza.,The boy will share his pizza with the bear.,The boy is very happy.,The boy is holding a pizza.,The boy is near a bear.,family on the plane with hamburger.,0.06415876313925553,1.0
5,35,35,340,9,Scene340_9.png,The girl is wearing glasses as she plays.,The boy offers to share his pizza with a bear.,The bear is very eager to try the pizza.,The boy is giving the bear a pizza.,The girl is wearing purple sunglasses.,The girl is running away from the bear.,family holding hands and walking in the park vector art illustration.,4.5421617047083875e-07,1.0
6,100,100,274,1,Scene274_1.png,The boy is sitting next to a duck.,The girl has a viking helmet on.,The boy is holding a baseball bat.,The boy is holding a baseball bat.,A duck is near the boy.,The girl has a hat with horns on it.,happy family running on the lawn.,0.00794041767140929,1.0
7,103,103,274,8,Scene274_8.png,The boy likes his new sunglasses.,The girl is very angry.,The boy is sitting on the ground.,The boy is wearing sunglasses.,The girl kicks the toy.,Hot dogs are on the grill.,children playing in the garden illustration.,7.02385248415757e-07,0.0
8,104,104,274,2,Scene274_2.png,The girl kicks the bee read.,The boy sits with a frown on his face.,A balloon floats away from lightning.,The girl is very angry.,The boy fell down on the ground.,There is one baseball bat near the girl.,kids having fun in the sun.,6.836628825982499e-07,1.0
9,115,115,203,9,Scene203_9.png,The dog is wearing a helmet.,The boy is wearing purple glasses.,The girl brought her cat.,The boy is wearing glasses,The dog is wearing a helmet,The cat is sitting next to the girl,happy family with dog running to the barbecue.,0.05211700077530819,0.0
10,118,118,203,4,Scene203_4.png,The boy is wearing a hat.,The girl is sitting next to the cat.,The dog is chasing the boy.,The boy talks to the dog.,The boy wears a pirate's hat.,The girl is happy to see the boy.,kids playing in the park vector art illustration.,1.006610828235864e-06,0.0
11,119,119,203,3,Scene203_3.png,The boy is wearing a helmet,The dog is biting the hat,The cat is next to the girl,The boy is wearing the hat.,The dog is holding the hat.,The girl is sitting next to the cat.,the boy is playing with dogs.,0.0037556136672782345,1.0
12,153,153,360,8,Scene360_8.png,A rocket is headed towards Mars.,The girl Throws the ball.,The boy will catch the ball.,The boy is very happy.,The girl is near the boy.,The girl s very happy.,happy children swinging on the swing set vector art illustration.,0.06426683486211236,0.0
13,157,157,360,6,Scene360_6.png,The girl is wearing purple glasses.,The boy threw a beach ball.,There is a rocket in the sky.,The girl and the boy play catch with the ball.,The girl has purple glasses.,The boy has black glasses.,mother and son having fun on the playground.,0.004042671907309475,1.0
14,158,158,360,4,Scene360_4.png,The boy and the girl are excited.,The cat and dog came to play.,The rocket ship is blasting off.,The boy and the girl look happy.,There is a cat and dog by the swings.,There is a rocket in the sky.,animals playing in the park vector art illustration.,0.007869979906188143,0.0
15,190,190,603,1,Scene603_1.png,The girl and the boy are by a campfire.,A soccer ball is under the table.,The ketchup and pie are on the table.,The boy and the girl have build a campfire,They have a pie to eat later,The boy likes ketchup on his pie,boy and girl cooking barbecue in the park vector art illustration.,0.00793322990639135,1.0
16,195,195,603,9,Scene603_9.png,The boy and the girl are sitting by the campfire,The bear is on the airplane,Why is the cat riding the rocket,A bear is on top of an airplane!,A cat is on top of a rocket!,The girl and the boy have a pie.,animation film and animals at the beach vector art illustration.,0.00514123424662279,1.0
17,196,196,603,0,Scene603_0.png,The boy and the girl are sitting around the fire.,There is a pie on the picnic table.,The fire is orange color.,The girl is sitting by the table.,The pie is on the table.,The table is in front of a tree.,children playing on a park bench.,0.013696558641095685,1.0
18,244,244,550,2,Scene550_2.png,The boy is wearing glasses,The boy is wearing a blue cap,The girl is about to catch the football,The boy is wearing sunglasses.,The girl and the boy are throwing a football.,There is a single cloud in the sky.,young couple playing with ball on the green grass.,6.64031767498095e-07,1.0
19,245,245,550,9,Scene550_9.png,The boy is catching the football,The girl threw the football,The boy is in front of the table,The girl wants to catch the ball.,The boy is going to throw the football.,The picnic table is yellow.,boy and girl playing basketball in the park vector art illustration.,0.005806135362193123,1.0
20,248,248,550,4,Scene550_4.png,The girl kicked the football.,The boy wants to catch the football.,There are two swings on the swing set.,There is a single cloud in the sky.,The girl is kicking the football.,The boy is going to catch the football.,children playing on the swings at the playground.,0.042989760694167885,1.0
21,270,270,463,1,Scene463_1.png,The girl is surprise by the duck.,The boy is very excited.,The girl is sitting in the grass.,The boy and the girl wave to the duck,The boy and the girl sit under the hot air balloon,The girl is sitting next to the tree,children playing on the swing in the park.,0.01722027191605414,1.0
22,275,275,463,9,Scene463_9.png,A duck is on the slide.,The girl waves to a friend.,The boy plays on the swings.,The duck goes down the slide.,The girl and the boy are smiling at the duck.,The boy is standing at the swing set.,boy and girl having fun at the playground vector art illustration.,0.04123052048840065,1.0
23,278,278,463,4,Scene463_4.png,The duck is on the slide.,The airplane is in the sky.,The dog is next to the slide.,A plane flies overhead.,The duck is going down the slide.,The boy and the girl are watching the duck.,a vector illustration of happy family playing with dog.,0.02192225781880864,1.0
24,430,430,919,1,Scene919_1.png,The girl has a kite.,The boy's arms are in the air.,The cat is watching.,The girl is flying a kite.,The girl is going to run into the boy.,The cat is watching the boy and the girl.,kids swinging on the swing set vector art illustration.,8.665334272710716e-07,1.0
25,432,432,919,5,Scene919_5.png,The girl is wearing a crown.,The girl is flying a kite.,The boy wants to fly the kite.,The boy is very angry.,The girl is very happy.,The girl is holding a kite.,boy and girl holding a kite in the park.,0.9309930093976,0.0
26,433,433,919,8,Scene919_8.png,The girl is flying a kite.,The boy is mad because he wants the kite.,There are two clouds in the sky.,The girl is flying a kite.,The boy is angry.,The girl and the boy are standing under a cloud.,children playing with kite on the lawn.,0.39079595677472995,1.0
27,476,476,657,0,Scene657_0.png,The girl is sitting in the grass angry.,The boy has the girl's balloons.,The boy has on a colorful hat.,The boy took the balloons from the girl.,The girl is sitting on the ground.,The boy is jumping up and down.,children playing in the park.,0.012800654366655444,1.0
28,478,478,657,4,Scene657_4.png,The boy is holding balloons.,The girl is mad that she fell.,There is a hotdog othe picnic table.,There is a plane in the sky.,The boy is holding balloons.,Lunch is on the picnic table.,cute boy and girl flying a plane at the airport.,0.16321258920245188,1.0
29,479,479,657,3,Scene657_3.png,It is raining on the girl.,The boy has balloons in his hand.,The girl is wearing a viking helment.,The boy holds three colorful balloons.,The rain is pouring down on the girl.,The girl wears a Viking hat in the rain.,boy and girl jumping with a dog.,0.0012585776326624306,1.0
30,481,481,328,7,Scene328_7.png,The boy is scared of a snake that sneaks behind the girl.,The boy and the girl are playing football in the park as a snake watched.,The boy yells for the girl to be careful of the snake behind her.,There is a snake near the girl.,The boy is throwing a football.,There is a balloon floating over the boy.,children playing on the green lawn.,0.013692365955237389,1.0
31,485,485,328,9,Scene328_9.png,The girl has a football.,A balloon is flying.,A cloud is in the sky.,The girl is throwing the football.,The boy is waiting to catch the football.,A hot air balloon is flying.,animation of a girl and a boy flying in a hot air balloon.,0.3492836930426275,1.0
32,488,488,328,4,Scene328_4.png,The girl throws the football to the boy,The boy is wearing blue shorts,The girl is wearing a witch's hat,The girl is throwing the ball.,The boy is catching the ball.,The girl is wearing a hat.,boy and girl flying with a kite.,0.003608807797931969,0.0
33,560,560,31,1,Scene31_1.png,The girl cries as it rains on the pie in her hands.,The boy laughs as he sits cross-legged on the ground.,Apples grow on the tree next to the picnic table with the hot dog on it.,The boy is very happy.,The girl is holding a pie.,A hot-dog is on a table.,child feeding a dinosaur with a straw.,0.008818466191367618,1.0
34,561,561,31,7,Scene31_7.png,There is a thunderstorm.,The cat is stuck in a tree.,The girl is sad because her pie is wet.,The girl's pie is being rained on.,The boy loves thunderstorms.,The boy put all the balls under the tree.,children playing with a soccer ball under the tree illustration.,0.11380203548940657,1.0
35,564,564,31,2,Scene31_2.png,The boy is happy for the girl.,The girl isn't happy with her pie.,The rain brought apples to the tree.,There is an apple tree next to the boy.,There is a slide behind the girl.,The girl looks sadly at the pie.,couple in love under an umbrella in the park vector art illustration.,0.03426036159067584,1.0
36,700,700,607,1,Scene607_1.png,The cat sits on the sliding board.,A rain cloud drifts over the campfire.,The girl is sad about the change in weather and cries.,The boy is mad it is raining.,The girl is sad she burned her hand.,The boy made a campfire.,family picnic under the bonfire.,0.10337342621832281,1.0
37,704,704,607,2,Scene607_2.png,The lightning is above the girl,The dog is next to the boy,The fire is between the boy and the girl,It is raining and lightning out.,The girl and the boy are angry at each other.,The dog is next to the boy.,children playing with a dog.,0.07766832970515809,1.0
38,708,708,607,4,Scene607_4.png,It is raining on the fire.,The girl wants the boy to get up.,The boy fell down on the ground and is sad.,Rain drops are falling on the fire.,The boy is sitting on the grass.,The girl is looking at the boy.,boy and girl standing in the park and holding hands.,0.011148912637990257,1.0
39,710,710,891,1,Scene891_1.png,The girl brought a basketball.,A hot air balloon landed in the park.,The boy is playing with a baseball.,The boy has a colorful hat on.,The girl is very happy.,The girl has on purple shades.,a vector illustration of happy family having fun in the summer.,0.04390337306513611,1.0
40,714,714,891,2,Scene891_2.png,The boy is holding a basketball.,The girl is holding a baseball.,The girl wants to trade toys with the boy.,The boy doesn't want to play baseball.,The boy is holding a basketball.,The girl is holding a baseball.,kids playing basketball in the park vector art illustration.,0.18082047144715066,1.0
41,716,716,891,0,Scene891_0.png,The girl has a basketball,The boy has a baseball,The boy is wearing blue shoes,The boy and the girl are laughing together.,The boy is holding a baseball.,The girl has a basketball on her lap.,boy and girl playing with ball on the lawn.,0.008882802219807077,1.0
42,840,840,653,1,Scene653_1.png,The girl is upset because the pizza fell on the grass.,The cat is sitting on the picnic table.,The football is on the ground behind the boy.,The boy wants to eat the cat,The girl wants to eat the pizza,The cat wishes the fighting would stop,playful little boy and girl sitting on a bench in the park with cat and dog vector art illustration.,0.08636939241930776,1.0
43,846,846,653,0,Scene653_0.png,The girl is sitting by the apple tree.,The boy is wearing a blue cap.,The pizza is on the ground.,The boy is very sad.,The girl is very mad.,A pizza is in the grass.,cute family eating ice cream in the park.,0.008541276225905548,0.0
44,849,849,653,3,Scene653_3.png,The girl doesn't want to play ball.,The cat wants the pizza.,The girl is angry at the boy.,The girl is sitting on the picnic table.,The boy is sitting by the pizza.,The cat is looking at the ball.,children having a picnic in the park.,0.08331822562394264,1.0
45,886,886,485,0,Scene485_0.png,The boy is wearing sunglasses.,The girl is stuck in the rain.,The boy and the girl want the pizza.,It is raining today.,A pizza is on the picnic table.,The boy and the girl are running.,kids playing in the park on a sunny day.,0.015288826318952266,1.0
46,888,888,485,4,Scene485_4.png,It is raining on the girl and the boy.,The pizza is on the table.,The girl is crying.,The boy is sad to fall on the ground.,The girl is sad it is raining.,The boy and the girl share a pizza.,boy and girl sitting on a bench in the park vector art illustration.,0.02237028882611907,1.0
47,889,889,485,3,Scene485_3.png,The boy is worried about the pizza.,The girl is wearing sunglasses.,The girl is waving at the boy.,It is raining on the pizza.,There is a pizza on a picnic table.,The boy and the girl are wearing sunglasses.,child and mother under umbrella playing in the rain.,0.006335215514661751,1.0
48,943,943,604,8,Scene604_8.png,Everyone is very angry!,The boy is sitting on the ground.,There is a hot air balloon above.,A bear is behind the boy and the girl.,The boy is sitting on ground beside the girl.,A snake is behind the girl.,children playing in the park with a bear.,0.047203649080511556,1.0
49,944,944,604,2,Scene604_2.png,A bear is standing behind the boy.,Kelly is afraid of the bear and snake.,The boy is mad that Kelly dropped the Frisbee.,The girl looks startled by the snake and bear.,The boy doesn't notice the snake and bear.,A hot-air balloon flies overhead.,children with teddy bear and teddy bear having fun in the park vector art illustration.,0.15429441025351184,1.0
50,946,946,604,0,Scene604_0.png,The girl saw the green snake.,The boy was mad at the green snake.,The bear was afraid of the green snake.,The girl looks angrily at the partially blocked sun.,The bear is frightened of the boy's angry face.,A hot air balloon floats above the tent.,kids playing in the forest.,1.1038944004273943e-06,0.0
51,1021,1021,74,7,Scene74_7.png,The girl calls for help when the cat gets stuck in the tree.,The girl is upset because the cat is in the tree and it is storming.,The cat is hiding in the tree from the girl.,The cat is in the tree.,It is lightening.,The girl is standing by the sandbox.,girl flying kite in the sky.,0.041262020936091534,1.0
52,1026,1026,74,0,Scene74_0.png,The cat is sitting in the tree.,The girl is wearing a hat.,There is lightning in the sky.,The cat is sitting in a the tree.,There is a storm in the sky.,The girl's shoes are black.,girl playing with fire in the park illustration.,0.04384111704025654,1.0
53,1027,1027,74,6,Scene74_6.png,The boy is wearing a glasses.,A cat is sitting on top of the tree.,A lightning is striking on a tree.,The boy is wearing sun glasses.,The cat is on the tree.,The boy is holdng the frisbee.,the girl and the tiger in the forest.,3.1334975554114834e-06,1.0
54,1042,1042,440,5,Scene440_5.png,The boy wanted the girl to come play with him.,The girl had four balloons.,The bear waved at the boy.,The boy angrily sits in the sandbox by himself.,The girl happily holds four balloons.,A bear screams in terror looking at the girl.,children playing with toys in the park illustration.,0.019061674685174633,0.0
55,1043,1043,440,8,Scene440_8.png,The boy is angry that the girl is not playing with him.,The girl is having fun with her balloons.,Looks like it might rain again with the gray cloud.,The boy is sitting in a sand-box.,The girl is playing with balloons.,The boy is very mad.,boy jumping on a trampoline.,0.00048275173881639496,1.0
56,1044,1044,440,2,Scene440_2.png,The boy is sitting in the sand box.,The girl is holding the balloons.,The sunis shinning.,The boy is sitting in a sandbox.,The girl is holding baloons.,The boy is sad because he wants the baloons.,children playing in the sandbox.,0.11319179931022724,1.0
57,1056,1056,835,0,Scene835_0.png,A dog are sitting next to the girl.,The boy is kicking a soccer ball.,A cat is sitting next to the girl.,The boy kicks the soccer ball.,The girl sees the boy far away.,The dog and cat sit with the girl.,cartoon girl playing with her dogs in the park.,0.02036958660006389,1.0
58,1057,1057,835,6,Scene835_6.png,The boy is wearing a pointy hat.,The girl is wearing a viking helmet.,The dog is standing in front of the girl.,The girl is sitting by the dog.,The boy is playing with the soccer ball.,Hot dogs are cooking on the barbeque.,a dog and cat are flying on the plane.,0.14318100537339504,0.0
59,1058,1058,835,4,Scene835_4.png,A cat is on the girl's lap,The boy is kicking a soccer ball,A dog is standing by the girl,The boy and the girl looked surprised.,Dog and Cat play with the girl.,The boy and the girl see something in the distance.,mother playing with a child on the football field.,0.01855591194350881,1.0
60,1071,1071,412,7,Scene412_7.png,The cloud is raining.,The girl is wearing a hat.,There is a plane in the sky.,The girl angrily demands the football.,The boy is worried about the raindrops.,An airplane flies past the raining cloud.,boy and girl jumping with an airplane.,0.051508270160364286,1.0
61,1076,1076,412,0,Scene412_0.png,The boy is sitting in front of the tree.,The cat is in between the girl and the boy.,The girl is angry at the cat.,The boy is calling the cat.,There are two clouds in the sky.,The girl looks mad at the cat.,children playing in the park with dog.,0.022069127456109672,1.0
62,1078,1078,412,4,Scene412_4.png,The rain started to fall so the duck hid under the tree.,The boy kicked the basketball over to the girl.,The girl didn't want to play with the ball because it was raining.,It is beginning to rain.,The duck is under a tree.,The boy is kicking a basketball.,a vector illustration of children playing in the park.,0.001064207604431457,1.0
63,1131,1131,373,7,Scene373_7.png,The boy is angry at a dog  and starts to run at it.,The girl wants the boy to leave the dog alone.,The dog is sitting under an apple tree.,The boy dropped his baseball glove.,The girl is surprised that the dog is in the park.,The boy and the girl are in front of an apple tree.,boy and girl playing in the park on a sunny day.,0.11836975557947194,1.0
64,1136,1136,373,0,Scene373_0.png,The boy is angry with the girl for dropping his mitten.,The girl is sad because the boy is too competitive,The boy is angry because his mitten fell in dog poop.,The boy is angry at the girl.,The girl is crying because the boy is mad.,The boy dropped the glove.,girl running with dog on the meadow.,0.017354076578431223,1.0
65,1138,1138,373,4,Scene373_4.png,The girl and the boy play by an apple tree.,The boy drops his baseball glove on the ground.,The dog enjoys standing on the grass.,The girl is feeling sad.,The dog is watching the boy.,The boy is running towards the girl.,children playing in the park illustration.,1.2570149276786983e-06,1.0
66,1140,1140,332,1,Scene332_1.png,The girl is holding an owl on her arm.,It is sunny so the boy wore sunglasses.,The girl is happy to see the boy at the park.,The girl is holding the owl in her hand.,The boy is wearing purple glasses.,The girl is sitting on the grass.,a mother and daughter play on swings at a playground.,0.028405013273912618,1.0
67,1144,1144,332,2,Scene332_2.png,The girl is holding an owl,The boy is trying to kick the girl,The dog is behind the boy,The girl is holding an owl.,The boy is kicking the girl.,The dog is beside the boy.,children walking with dog in the park.,0.059202358025103534,1.0
68,1146,1146,332,0,Scene332_0.png,The boy has a tennis racket,The girl is carrying an owl,The boy has blue shoes,The girl is holding an owl.,The boy is holding a tennis racket.,The girl is wearing a crown.,couple playing tennis on a green background.,0.1391063879785537,1.0
69,1153,1153,125,8,Scene125_8.png,The owl is wearing goggles.,The owl is in the tree.,There is a witch hat in the tree.,The girl found her hat in the tree.,The boy is going to pull the girl's pigtail.,The owl took the hat and the sunglasses.,animation of a family walking in a park.,0.014965777121131816,1.0
70,1156,1156,125,0,Scene125_0.png,The boy is wearing a wizard hat,The boy and the girl sit near an apple tree,A helicopter is flying by,The boy is wearing a purple witch hat.,The girl is wearing a blue hat with a star.,There are five apples on the tree.,children flying around a spaceship in the garden.,0.029191425646589234,1.0
71,1157,1157,125,6,Scene125_6.png,The dog has made the kite invisible.,The boy and the girl are watching a magic show.,The cat is offended by the dog's hat.,The dog is wearing a wizard hat.,The kite is stuck in the tree.,The girl is calling the dog to her.,a green and blue abstract background.,0.003483820311056375,1.0
72,1162,1162,18,5,Scene18_5.png,It is raining on the playground.,Lightening hits the swingset.,The swings rock in the breeze.,The park is empty today.,No one is playing in the sandbox.,It is raining and lightning.,children's playground in the park.,0.24353092713095673,1.0
73,1167,1167,18,6,Scene18_6.png,Rain is coming from the cloud.,There is lightning in the sky.,There is a bucket in the sandbox.,There is rain and lightning in the sky.,There is a pink bucket in the sandbox.,The swings are moving from the wind.,little boy swinging on a swing under the rainbow.,0.0007971464890560465,0.0
74,1168,1168,18,4,Scene18_4.png,The cat is sitting next to a beach ball.,There is rain falling from a cloud.,A swing is swinging in the air.,The cat is sitting by the ball.,It is raining in the park.,The table is next to the swing.,animals playing in the park on a sunny day.,0.12199634082565922,1.0
75,1231,1231,899,7,Scene899_7.png,The girl and the boy are playing ball,The girl looks mad,The boy is happy.,The boy and the girl are playing ball.,The boy is beside the apple tree.,The sun is in the sky.,children jumping on a trampoline.,0.0,1.0
76,1233,1233,899,8,Scene899_8.png,The girl is angry.,A bear is behind the girl.,The boy is wearing a crwon.,The girl and the boy are playing ball at the park.,The boy is a crown with gems on it.,The bear is standing behind the girl.,boy and girl playing basketball in the park.,0.1635650691996478,1.0
77,1238,1238,899,4,Scene899_4.png,The boy threw the basketball to the girl.,The girl is wearing a witch's hat.,The sun is shining.,The girl is wearing a hat.,The boy and the girl are playing with a basketball.,The girl is happy  but the boy is surprised.,kids spinning a basketball on the grass.,0.25033353411782977,0.0
78,1240,1240,526,1,Scene526_1.png,The boy is holding the hot dog.,The owl is in the tree.,The girl is sitting next to the snake.,The green snaked scared the girl.,The boy had a hotdog.,The girl wanted a hotdog too.,children playing on the grass in the park.,0.01648756975435737,1.0
79,1243,1243,526,8,Scene526_8.png,The boy is sitting by the tree.,The girl is afraid of the snake.,The owl is perched in the tree.,The boy is very has a hot-dog.,The girl is very surprised.,The girl is sitting on the grass.,animals flying in the sky vector art illustration.,0.005745956912965813,1.0
80,1244,1244,526,2,Scene526_2.png,The boy is eating a hot dog.,The snake is moving towards the girl.,The owl is sitting in the tree.,A brown owl is in the tree.,The boy is eating a hot dog.,The girl is scared of the snake.,kids playing in the park vector art illustration.,0.01873016384205166,0.0
81,1290,1290,452,1,Scene452_1.png,The boy is scared of the ball.,The boy wants to eat his hotdog.,The boy doesn't want to play basketball.,The boy is shocked to see the lack of ketchup.,A hotdog is sitting on the table.,The girl is nowhere to be found.,boy playing basketball in the park on a sunny day.,0.07896870005596134,1.0
82,1291,1291,452,7,Scene452_7.png,The boy is kicking the basketball along.,The mustard is sitting on the table.,The two swings are empty.,The boy kicked the basketball.,The mustard is on the yellow table.,No one is playing on the swing set.,a boy playing with a basketball on a playground.,0.25890283942941184,0.0
83,1297,1297,452,6,Scene452_6.png,The boy threw the basketball at the picnic table.,The boy was afraid the ball was going to hit the hotdog.,The hotdog sat by the mustard on the table.,The boy got mad and threw the ball.,The ball landed in the food.,The boy is playing ball in the park.,boy playing basketball on the bench in the park.,0.26285726518794805,1.0
84,1321,1321,139,7,Scene139_7.png,An owl is perched in the tree.,The girl  is kicking a beach ball.,The boy is copying the girl's kick.,The girl is kicking a beach ball.,The boy and the girl are having fun.,The boy sees an owl in the tree.,children playing in the park.,0.01831805433066421,1.0
85,1323,1323,139,8,Scene139_8.png,The owl watches the boy and the girl play.,The girl happily kicks the beach ball.,The boy is sad because he wants the ball.,There is an owl in the tree.,The girl is having fun today.,The boy is sad because he didn't get to kick the ball.,children playing in the park illustration.,0.010536800686503756,1.0
86,1324,1324,139,2,Scene139_2.png,The girl kicks the beach ball toward the owl.,The hot air balloon flies over the boy.,The boy claps for the girl.,The girl kicked the beach ball.,The owl watches the boy and the girl play.,A hot air balloon is in the sky.,happy children jumping with balloons in the park.,0.00975062071587214,1.0
87,1330,1330,576,1,Scene576_1.png,The bear is wearing glasses,The cat doesn't like the bear.,The bear is wearing a pirate hat.,The bear scares the campers.,The cat is watching the bear.,The pail is outside the sandbox.,a cat and a bear in front of a fence.,0.3192433415432344,0.0
88,1333,1333,576,8,Scene576_8.png,A bear is trying to scare a cat.,The cat is playing in the sandbox.,The bear and the cat in the rain.,The cat is sitting in the sandbox.,The bear is trying to scare the cat.,The cat and bear are going to get rained on.,how to draw a teddy bear in venture funded company.,0.08586091689331576,0.0
89,1334,1334,576,2,Scene576_2.png,The bear is wearing sunglasses.,The bear is roaring at the cat.,The cat is sitting by the slide.,The cat is guarding the slide,The bear wants to go down the slide,The cat says no way bear,bear climbing the ladder to the big cat vector art illustration.,0.15249080941740595,1.0
90,1385,1385,55,9,Scene55_9.png,An owl sits on the barbeque grill.,The boy and the girl are upset at the owl.,A helicopter flies by in the background.,There is a helicopter in the sky.,An owl is sitting on the grill.,The boy and the girl are jumping up and down.,happy family on the barbecue.,0.015443731115110756,1.0
91,1387,1387,55,6,Scene55_6.png,The kite is floating away.,The owl is sitting on the hamburger.,The boy wants the kite to come back.,The owl is on the hamburger.,The hamburger is on the grill.,There is a ketchup bottle on the table.,happy children running with kite in the park.,0.20434769161549526,1.0
92,1388,1388,55,4,Scene55_4.png,An owl is in the table.,The boy seems to be sad.,The girl seems to be angry.,The boy was sad the owl at ruined their picnic.,The girl tried to scare away the owl.,The owl came to tell the girl that the boy had to go away.,a mother and daughter play a board game together in a garden.,0.0034030335432978006,1.0
93,1440,1440,348,1,Scene348_1.png,The boy and the girl are on the swings.,The boy is wearing a hat.,The dog is watching the boy and the girl.,The boy is sitting in a swing-set.,A dog is near the girl.,The girl is wearing pink.,a mother and her child playing with their dog in the park on a sunny day.,0.07514104817083869,1.0
94,1445,1445,348,9,Scene348_9.png,Kelly and the boy are swinging.,The dog is under the apple tree.,Kelly and the boy are happy to see the dog.,The boy and the girl swing on the swing,The boy is beside the apple tree,There's a dog in front of the girl,kids playing in the park illustration.,0.006030107226544499,0.0
95,1446,1446,348,0,Scene348_0.png,The boy is sitting on the swing.,The girl is sitting on the swing.,The dog is standing next to the swing.,The girl and the boy are on the swings.,The dog is watching the boy and the girl.,The swing set is near the apple tree.,children swinging on a swing in the park.,0.3177133073465916,0.0
96,1490,1490,893,1,Scene893_1.png,The boy is holding a cup.m,The boy and the girl are afraid of the snake.,There is an Ariadne in the sky.,The boy holds his drink up high.,The girl is scared of the snake.,The boy sees an airplane in the sky.,boy and girl running away from a plane.,0.008208650675380867,1.0
97,1493,1493,893,8,Scene893_8.png,The cloud is raining on the boy and the girl.,The snake scared the boy and the girl.,The snake is next to a tree.,The boy and the girl are sad because it is raining.,The girl is scared of the snake.,The boy is wearing funny hat.,children playing in the rain under a big tree.,0.027245649522362574,1.0
98,1496,1496,893,0,Scene893_0.png,There is an airplane in the sky.,There is a snake on the ground.,The girl and the boy are scared of the snake.,A snake is scaring the boy and the girl.,The girl is crying because of the snake.,The boy is scared of the snake.,couple flying in an airplane.,0.22540622091469076,1.0
99,1512,1512,88,5,Scene88_5.png,The boy is burning a wizard hat.,It was raining and lightning.,The girl is calling the boy.,The boy is sitting next to the fire.,The boy is holding teh hat.,The girl is standing next to the boy.,children standing under an umbrella in the rain.,0.04109931295947327,1.0
100,1516,1516,88,0,Scene88_0.png,The boy is setting up for a picnic.,The boy is wearing a viking helmet.,The boy is sad that it is raining.,The boy is wearing a funny hat.,The mustard and ketchup are on the table.,The rain makes the boy sad.,man jumping on a trampoline in the park.,0.004834250547359726,1.0
101,1519,1519,88,3,Scene88_3.png,The boy has a viking hat on.,There is rain pouring down.,There is a apple tree near.,The boy is wearing the hat.,The boy is sitting by the fire.,The balloon is flying in the air.,funny cartoon of a fireman sitting on a hot air balloon.,0.20362689610474163,1.0
102,1520,1520,627,1,Scene627_1.png,The girl is wearing a pointy hat.,The boy is angry at the girl.,The cat is sitting beside of the girl.,The girl is wearing a witch hat.,The boy is holding a tennis racket.,The cat is sitting by the girl.,children playing tennis on a green lawn.,0.06836439479326249,1.0
103,1521,1521,627,7,Scene627_7.png,The girl is making a storm.,The girl is a witch.,The boy is running from the girl.,The girl is wearing a witch's hat.,The cat is standing with the girl.,The boy is running with a racket.,a cartoon boy and girl walking in the park.,0.0034559263887668614,1.0
104,1528,1528,627,4,Scene627_4.png,the cat stared at the boy.,The boy was sad caused he felled down.,The girl got on a witch hat.,The boy is holding a racket.,The girl is wearing a witch hat.,A cat is sitting close to the girl.,girl playing with cat in the grass.,0.08244130999023491,1.0
105,1573,1573,82,8,Scene82_8.png,The boy wears a blue baseball cap.,The boy is cheering the girl.,The girl is playing soccer.,The girl is kicking the soccer ball.,The boy is wearing a blue shirt.,There is a cloud in the sky.,a father and son playing football in the park.,0.05846917524105349,0.0
106,1577,1577,82,6,Scene82_6.png,The boy is playing soccer.,The girl is waving to someone.,The girl wants to play in the sandbox.,The boy is kicking the ball.,The boy is wearing the hat.,The girl is holding the pail.,children playing volleyball in the park vector art illustration.,0.03630636201598434,1.0
107,1578,1578,82,4,Scene82_4.png,The girl is smiling.,The boy is mad.,The boy is hitting the ball with his head.,The boy is very mad.,The girl is very happy.,The boy is near the girl.,boy and girl running in the park.,0.0010838818632350603,1.0
108,1582,1582,467,5,Scene467_5.png,The boy wants to play pirate ship.,The girl does not want the boy to be a pirate.,The girl wants to eat lunch.,The boy is wearing a pirate hat.,The boy looks angry.,The girl is wearing glasses.,children having fun on the playground.,1.5573854552848297e-07,1.0
109,1587,1587,467,6,Scene467_6.png,The girl is afraid of the duck.,The hamburger is on the table.,The ketchup is beside the hamburger.,The girl has a bunch of balloons.,The girl has a hamburger for lunch.,There is ketchup for the hamburgers.,little girl playing with toys on the playground.,0.008784327731545211,1.0
110,1589,1589,467,3,Scene467_3.png,The boy hides behind the tree.,The girl wears a chef hat.,The girl tries to give a hamburger to the duck.,The boy is sitting behind the tree.,The girl made a hamburger.,The duck is standing nearby.,a cartoon woman feeding chickens with bread.,0.0008839466777867376,1.0
111,1733,1733,896,8,Scene896_8.png,It is raining on the tent.,The girl is sitting on the ground.,The boy is very mad.,The girl is sitting n the grass.,The boy is angry with a dog.,There is a burger on the grill.,boy and girl camping with a dog vector art illustration.,0.1755969979904463,1.0
112,1738,1738,896,4,Scene896_4.png,The boy is mad at the burger.,The dog wants to play football.,The girl is happy the burgers are done.,The boy gives the dog a hamburger.,The boy does not want to share.,The girl is happy to see a dog.,happy family having barbecue on the lawn.,0.05109902544860011,1.0
113,1739,1739,896,3,Scene896_3.png,The boy has a sad look on his face.,The girl has an appetizing burger in her hand.,The dog is standing between the girl and the boy.,The boy is standing under the tree.,The girl is holding the burger.,The dog is standing under the tree.,a family with children playing in the park.,0.002849880558137181,1.0
114,1832,1832,462,5,Scene462_5.png,The boy is  sitting on the slide.,The sun is shinning.,The cat is standing next to the slide.,The boy fell off of the bottom of the slide.,The girl is running to help the boy.,The cat is behind the slide.,boy and girl having fun on a playground.,0.009731361749634342,0.0
115,1833,1833,462,8,Scene462_8.png,The girl kicks the boy at the bottom of a slide.,The boy has slid down a slide.,A cat is looking at the boy and the girl playing.,The girl is crying.,The boy is sliding down the slide.,The cat is orange.,kids playing in the playground with a dog.,0.028830851421609446,0.0
116,1837,1837,462,6,Scene462_6.png,A cat is sitting on the swings.,There is a tree with a hole in its trunk.,The boy is sitting on a slide.,The girl is trying to kick the boy,The boy is playing on the slide,The girl is wearing glasses,children playing on the playground.,0.24912105359185904,0.0
117,1842,1842,320,5,Scene320_5.png,The boy is sad because there is a storm.,The boy has a basketball.,The boy is wearing a baseball cap.,The boy is sad that a storm is nearby.,The boy is sitting next to a tree.,A basketball is on the ground in front of the boy.,boy playing basketball in the park.,0.28196282949485857,1.0
118,1844,1844,320,2,Scene320_2.png,The boy is sad because it's about to rain.,The ball is in front of the boy.,The boy is next to the sandbox.,It is getting stormy in the park.,The boy wonders where the girl is.,The boy brought his basketball to play with.,boy jumping over the hurdle.,0.00035334376266302355,1.0
119,1845,1845,320,9,Scene320_9.png,The boy is sitting with a basketball.,The pizza is laying on the table.,A bolt of lightning comes from the cloud.,The boy is sad that there is no one at the park to play with.,The boy is wearing a blue baseball hat with a white star.,There is pizza sitting on the picnic table.,a child sitting on the grass and eating ice cream.,0.062099567001068605,1.0
120,1863,1863,240,8,Scene240_8.png,The girl is scared of the bear.,The boy is scared of he bear.,The girl is close to the fire.,a bear scares the girl and the boy,The boy and the girl are holding hands,Baloons are between the girl and the boy,children with teddy bears on the grass.,1.4290331116429835e-06,1.0
121,1866,1866,240,0,Scene240_0.png,The boy and the girl are running away from the bear.,The bear is in front of the tree.,The balloons are floating into the sky.,The boy is standing by the tent.,The girl is scared of the bear.,The bear is scaring the girl and the boy.,kids playing in the forest.,0.006747244312063036,0.0
122,1869,1869,240,3,Scene240_3.png,The girl holds a bat,There's a bear behind the fire,The bear grabs for the baloons,The bear is scary.,The boy and the girl have built a fire.,The girl has a baseball bat.,family playing in the forest vector art illustration.,3.950615910383418e-07,1.0
123,1880,1880,379,1,Scene379_1.png,The boy is wearing a pirate hat.,The girl has a pie.,The owl is on the slide.,The girl wants to throw the pie at the boy.,The owl is sitting on the slide.,The boy is wearing a pirate hat.,girls jumping with a kite.,0.0023782700299765217,1.0
124,1888,1888,379,4,Scene379_4.png,The girl is holding a pie,The boy is holding balloons,The boy is wearing a pirate hat,The boy is wearing a pirate hat.,The girl is wearing a witch hat.,The boy has balloons.,illustration of kids playing in the park vector.,0.0,1.0
125,1889,1889,379,3,Scene379_3.png,The girl is holding a pie.,The boy is wearing a propeller beanie hat.,The cup is on the table.,The boy is sad because he doesn't have a pie.,There is a soda pop on the table.,The boy is wearing a silly hat.,a mother and her children having a picnic on a sunny day.,0.01544303408642,1.0
126,1941,1941,883,7,Scene883_7.png,The green snake scared the girl away.,The boy wasn't afraid of the snake.,The snake only wanted to play.,The girl is running from the snake.,The boy is not afraid of the snake.,A rocket just launched.,children playing in the park vector art illustration.,7.445829348385723e-07,1.0
127,1948,1948,883,4,Scene883_4.png,The boy points to the girl.,A snake slithers to the girl.,A hamburger sits on the table.,A snake is chasing the girl.,The girl is scared.,A hamburger is on the table.,couple running on the lawn in the park illustration.,0.014573891896141508,0.0
128,1949,1949,883,3,Scene883_3.png,The boy is scared of the green snake.,The girl is running away from the snake.,The boy drops the football because of the snake.,The boy is afraid of the snake.,The girl is wearing a funny striped hat.,The girl is running away from the football.,kids playing in the grass.,1.9047199195255243e-06,0.0
129,1953,1953,354,8,Scene354_8.png,A rainstorm breaks out at the park.,The girl is worried about losing her balloons.,The boy wants to get to shelter as soon as possible.,A yellow table is behind the boy and the girl.,The girl is holding a bunch of balloons.,It is raining.,kids flying a kite in the park.,0.04952571410860856,1.0
130,1954,1954,354,2,Scene354_2.png,The girl is sad while holding balloons.,It is raining near the kids.,The girl is wearing a hat.,The girl is sad that it is raining out.,The girl is holding colorful ballons.,The boy is worried about the girl.,boy and girl playing with balloons in the park.,0.05630135898765611,0.0
131,1959,1959,354,3,Scene354_3.png,The girl let her balloons fly away.,The boy is wearing his hat.,The lightning and rain scare the boy and the girl.,There is a rain cloud in the sky.,The girl is sitting on the ground.,The boy is wearing a colorful cap.,boy and girl jumping with a kite.,0.012256526281410426,1.0
132,1970,1970,869,1,Scene869_1.png,The bear is finally happy !,The boy and the girl are no longer scared.,The bear is wearing the boys hat.,The Bear just graduated Kindergarten,The girl made the bear a hat,The boy and the girl are very happy for the bear,cartoon illustration of a family camping in the woods.,0.00036759977348825156,0.0
133,1971,1971,869,7,Scene869_7.png,A small bear is wearing a funny hat,It is raining on the bear.,The boy and the girl are saying hello to the bear.,The girl and the boy aren't afraid of the bear.,The bear is wearing a whirlygig cap.,Rain is coming from the cloud.,children running in the rain.,1.2715956263965184e-06,1.0
134,1977,1977,869,6,Scene869_6.png,The boy is wearing a colorful hat.,The girl is wearing a horn hat.,The bear is trying to scare the girl and the boy.,The boy is wearing a silly hat.,The girl is wearing a viking hat.,The girl and the boy are happy to see the bear.,family playing in the park illustration.,1.0617500126415043e-06,0.0
135,2030,2030,154,1,Scene154_1.png,Mustard is on the table.,The boy is wearing sunglasses.,The boy is eating a hamburger.,The boy is wearing sunglasses.,The girl is sad because she wants a hamburger.,The mustard is on the table.,a mother and daughter playing on the grass on a sunny day.,0.026418881412976422,0.0
136,2034,2034,154,2,Scene154_2.png,The boy has a hamburger.,There are apples on the tree.,The girl has a pink shovel.,The girl is sad because she has no food.,The boy is holding a hamburger.,The pink shovel is on the girl's lap.,children eating apples in the park illustration.,0.09618202129575122,0.0
137,2038,2038,154,4,Scene154_4.png,The boy is mad at the girl.,The boy likes mustard.,It is a hot summer day.,The girl and the boy are sitting under the apple tree.,The boy has a hamburger and mustard.,The girl is wearing purple sunglasses.,kids playing in the park.,1.2374022923020937e-06,1.0
138,2061,2061,825,7,Scene825_7.png,The girl is wearing a helm.,The girl is calling an owl.,A dog is looking at the tree.,The girl's hat has horns.,The girl is sitting under the sun.,The girl is waving at the owl.,how to draw a horse in the park.,0.0003472349450653865,1.0
139,2063,2063,825,8,Scene825_8.png,The dog is beside the owl.,The girl is wearing a viking hat.,The dog is in front of the girl.,The girl has a helmet with horns.,The dog is looking at the owl.,The girl and the dog are between two trees.,girl with dog in the forest.,0.11973866267704511,1.0
140,2069,2069,825,3,Scene825_3.png,The girl showed the dog where the owl.,The owl didn't watch the rocket ship take off.,The dog wanted to be friend with the owl.,The girl likes the bird.,The dog is standing by the girl.,The rocket is taking off.,funny dog and cat sitting on the bench and holding toys vector art illustration.,0.03270152987035131,1.0
141,2160,2160,812,1,Scene812_1.png,The boy is running towards the swingset.,The girl wants to play on the swingset.,It is a sunny day in the park today.,The boy is really excited.,The girl is really happy.,The boy is wearing a blue hat.,children playing in a playground.,0.004217248711815878,0.0
142,2161,2161,812,7,Scene812_7.png,The boy is wearing his blue cap.,The girl is running towards the swings.,The boy is wearing a blue shirt.,The boy and the girl are running toward the swingset.,The boy is wearing blue shoes.,The girl likes her hair in braids.,kids swinging on the swings vector art illustration.,0.13051896162682297,1.0
143,2163,2163,812,8,Scene812_8.png,The girl is wearing sunglasses.,The boy is wearing a blue cap.,There is a swing set in the park.,The boy and the girl are running to the swings.,The boy is wearing a blue star cap.,The girl is wearing sunglasses.,family playing together in the park.,0.10978631103109225,1.0
144,2171,2171,11,7,Scene11_7.png,It is raining in the park.,The girl is standing next to the sand box.,The sand box is next to the slide.,It is raining over the slide.,The slide goes into the sand box.,The girl is by the apple tree.,girl and boy standing on the bench under the rain.,0.02453525321676357,1.0
145,2174,2174,11,2,Scene11_2.png,The boy was wearing sunglasses even in the rain.,The rain fell on the girl and the dog.,The beach ball was slippery when it got wet.,The boy is kicking the ball to the girl.,The girl is standing in the rain.,The dog is watching the boy and the girl play.,boy and girl playing with dog in the park on sunny day.,0.08584953589190274,1.0
146,2175,2175,11,9,Scene11_9.png,Rain is coming from the cloud.,The girl is wearing a crown.,The girl is jumping off the screen.,The girl is unhappy because it's raining.,The girl has some balloons with her at the park.,The girl is swinging at the park when it begins to rain.,little girl swinging on a swing.,0.06704572294108502,1.0
147,2181,2181,365,7,Scene365_7.png,A plane flies over the boy and the girl.,The duck wants to get the boy's hot dog.,The girl has a soda.,The girl is holding drink.,The boy is holding a hotdog.,The duck is standing beside the boy.,family having fun at the airport.,8.716700617230228e-07,1.0
148,2182,2182,365,5,Scene365_5.png,A duck tries to take the boy's hotdog.,The boy is angry at the duck.,The boy and a duck are eating lunch near a tree.,The boy is very mad.,The boy is near a duck.,The boy is holding a hot-dog.,little boy with a plane.,0.002773168335268867,1.0
149,2185,2185,365,9,Scene365_9.png,The is an airplane flying by,A duck is beside the boy,The boy is wearing sun glasses,The boy is eating his hotdog.,The duck wants the boy's hotdog.,The boy is sitting on the ground.,a man flying a kite on the sky.,0.07722194653709936,1.0
150,2266,2266,699,0,Scene699_0.png,The boy kicked a soccer ball.,The girl has a cup of soda.,The boy stand in front of an apple tree.,The girl is crying with soda in her hand.,The boy is playing with the soccer ball.,Apples are growing on the tree.,kids playing in the park vector art illustration.,0.031758126403098164,0.0
151,2267,2267,699,6,Scene699_6.png,The boy kicks the soccer ball,The girl holds a pop,There's a cloud above the boy,The girl has on a pink Jumper.,The boy is kicking a soccer-ball.,The boy has on blue shoes.,boys playing football on the green field.,0.007727913460344273,1.0
152,2269,2269,699,3,Scene699_3.png,The boy kicks a soccer ball at the girl.,Even though the girl is holding a cola  she is happy to play soccer.,The boy is pretending to be a pirate.,The boy is kicking the soccer ball.,The boy is wearing a pirate hat.,The girl is holding a soda.,happy children running and jumping on the beach.,0.012621999444736418,1.0
153,2350,2350,37,1,Scene37_1.png,The boy and the girl are really cold.,The bear likes the fire.,The fire isn't keeping the boy and the girl warm.,The bear is looking at the boy and the girl.,The boy and the girl are afraid of the bear.,The bear is next to the campfire.,family of bears near the fire.,0.1568062282680653,1.0
154,2352,2352,37,5,Scene37_5.png,The girl is upset at the bear,The boy is talking to the bear,The girl is standing under a cloud,A bear attacks the boy and the girl.,The girl is scared and screams.,The boy tries to fight the bear.,a cartoon man and woman having fun at the campfire.,0.03158176807794509,1.0
155,2356,2356,37,0,Scene37_0.png,The boy is wearing a wool cap.,A bear is wearing a pirate cap and a glasses.,The girl is scared of the bear.,The bear is wearing a pirate hat.,The bear is wearing sunglasses.,The boy is wearing a hat.,children playing in the woods.,3.755167626214348e-07,0.0
156,2372,2372,26,5,Scene26_5.png,The boy is wearing a blue cap.,The girl is wearing a funny hat.,The boy and the girl are playing in the rain.,It is raining on the boy and the girl.,The girl is wearing a helicopter hat.,The boy is waiving at the girl.,a cartoon of a couple holding balloons.,0.004023093141929206,0.0
157,2378,2378,26,4,Scene26_4.png,The girl is wearing sunglasses.,The boy is wearing a hat.,Rain is falling from the cloud.,It is a rainy day.,The boy is wearing a winter cap.,The girl is wearing sunglasses.,boy and girl playing in the rain.,0.0007595808562438712,1.0
158,2379,2379,26,3,Scene26_3.png,the dog is by the swings,The boy is standing by the girl,its starting to rain outside,The girl is standing by the sand box.,The dog is standing by the swing.,It is raining in the park.,kids jumping on swings in the park illustration.,0.19524019689249456,1.0
159,2410,2410,390,1,Scene390_1.png,The girlis holding a ball.,The boy is jumping into the air.m,The boy is wearing a silly hat.,The girl has a tennis ball.,A cloud is in the sky.,The boy has a soccer ball.,happy boy playing soccer with girlfriend on the field.,0.06831188250579934,0.0
160,2413,2413,390,8,Scene390_8.png,The boy wants the tennis ball,The girl wears a crown,The boy stands in front of a swing,The girl has a crown on.,An airplane is in the sky.,A soccer ball is near the boy.,boy and girl playing on swings at the playground.,0.009454178053926484,1.0
161,2418,2418,390,4,Scene390_4.png,The boy kicked the soccer ball.,The girl has a tennis ball.,The girl is standing near the tree.,The boy is playing with a soccer ball.,The girl is holding a tennis ball.,The girl is sad because she wants the soccer ball.,children playing football in the park illustration.,0.03088484421476696,1.0
162,2424,2424,376,2,Scene376_2.png,The girl and the boy run from the rain.,The girl and the boy chase a ball.,The boy is wearing a hat with a star.,The girl and the boy run home because it is raining.,The boy will kick the soccer ball all the way home.,The boy and the girl were playing soccer in the park.,boy and girl playing football in the park illustration.,0.12914767484205533,0.0
163,2425,2425,376,9,Scene376_9.png,The girl and the boy are playing soccer.,The girl and the boy are sad that it is starting to rain.,The boy is kicking the soccer ball.,The girl is sad that it is raining.,The boy wants to play soccer.,The rain falls on the boy and the girl.,boy and girl playing soccer in the park on a sunny day.,0.3516709722158726,1.0
164,2429,2429,376,3,Scene376_3.png,It's raining on the girl.,The boy is trying to play soccer.,The boy is wearing a blue hat.,The girl is sad because it is raining.,The boy is kicking the ball.,Mkeis wearing the hat.,children playing in the rain under the tree vector art illustration.,1.3663296882532718e-06,1.0
165,2524,2524,510,2,Scene510_2.png,The girl made a pizza for the boy,The boy was on the slide,The dog is watching the girl,The girl made a pizza.,The boy just went down the slide.,The dog is looking at the pizza.,a cartoon woman feeding her dog a sausage.,0.03896448969870137,1.0
166,2525,2525,510,9,Scene510_9.png,The boy is happy about eating pizza.,The girl is cooking on the grill.,The boy and the girl are going to eat soon.,The girl is holding a pizza.,The girl is standing beside the grill.,A cloud is in the sky.,boy and girl running on the grass.,0.015416600824495464,1.0
167,2526,2526,510,0,Scene510_0.png,The girl is giving the boy a pizza.,The boy is wearing sunglasses.,There is a swing set nearby.,The girl holds pizza out to the boy.,The boy is wearing sunglasses.,The boy is standing by the swing set.,family flying plane at the airport.,6.831540419861698e-07,1.0
168,2545,2545,935,9,Scene935_9.png,The boy wears a funny hat.,There is a cup of soda on the desk.,A dog stands across of a bumpy horse from the boy.,The boy is wearing a silly hat.,The dog is looking at the boy.,The soda is on the table.,funny dinosaur playing a game of game.,0.010677145657280883,1.0
169,2546,2546,935,0,Scene935_0.png,The bouncy bee is wearing a pirate hat.,The dog is looking at the bouncy bee.,The boy is sitting on the ground.,The boy wants his pirate hat.,A balloon is landing behind the boy.,The boy's dog is looking for the girl.,animation of dog and cartoon boy flying a plane with plane and plane flying behind him.,0.03893687775148927,1.0
170,2548,2548,935,4,Scene935_4.png,The boy looks mad,The boy is wearing a ball cap with a star on it.,The dog is ignoring the boy.,The dog sees the yellow toy.,The boy wants the dog to play with him.,The boy is wearing a blue hat.,cartoon dog and cat in the forest.,0.04431980944085278,1.0
171,2563,2563,541,8,Scene541_8.png,The girl is on the swing.,The boy is sitting on the ground.,The girl is wearing a pink outfit.,The boy is at the bottom of the slide.,The girl is on the swings.,A tree is near the slide.,a vector illustration of happy kids swinging in the park vector.,0.009368253788137416,0.0
172,2568,2568,541,4,Scene541_4.png,The girl is swinging on the swing.,The boy just slid down the slide.,The boy has his hands in the air.,The girl is swinging but she does not seem to be enjoying herself.,The boy has come down the slide.,The boy wants the girl to play soccer but she does not want to play with him.,animation of kids playing football on a sunny day.,0.004585760797440259,1.0
173,2569,2569,541,3,Scene541_3.png,The boy slid down the slide.,The girl is swinging on the swing set.,The girl seems angry with the boy.,The girl swings on the swing.,The boy is happy to see the girl.,The boy sees a hot air balloon.,children playing in the park vector art illustration.,1.019298640862401e-06,0.0
174,2600,2600,895,1,Scene895_1.png,The boy is wearing a ball cap.,The boy is sitting on the ground.,The girl is scared of the snake.,The green snake got lose in the park.,The girl saw the loose snake and told the boy to catch it.,The cat wanted to play with the snake.,children playing in the forest.,0.005776594007804365,0.0
175,2603,2603,895,8,Scene895_8.png,The boy and the girl are camping.,Suddenly they see a snake.,A cat is sitting by the tent.,A snake has appeared.,The boy and the girl are scared of the snake.,The cat does not care at all about the snake.,girl with umbrella and man standing near the tent.,0.12056304547154206,1.0
176,2606,2606,895,0,Scene895_0.png,The snake scares the girl,The rain scares the boy,There a pale between the boy and the girl,A snake is near the boy and the girl.,The boy is very surprised.,A bucket is near the tree.,cartoon kids walking with dog in the park illustration.,1.5782177471401404e-06,1.0
177,2611,2611,940,7,Scene940_7.png,The girl wears sunglasses,The boy catches the football,The girl is wearing a witch's hat,The boy is holding a football.,The girl is wearing sunglasses.,The girl is wearing a hat.,boy and girl running on the beach.,0.0009287735330617765,1.0
178,2612,2612,940,5,Scene940_5.png,There is a ketchup bottle on the ground.,The girl is sitting in front of a tree.,The boy is showing the girl a ketchup bottle.,There is a hot-air balloon in the sky.,The girl is sitting near the tree.,The girl is waving to the boy.,children having fun in the park vector art illustration.,0.010632232179523493,1.0
179,2617,2617,940,6,Scene940_6.png,The boy is holding the football.,The girl wants to catch the ball.,The sun is shinning.,The boy gives the football to the girl.,The girl is mad the sun is so hot.,The girl jumps in the air.,a cartoon family of four playing football.,0.1379272631187486,1.0
180,2623,2623,917,8,Scene917_8.png,The girl is wearing a chef's hat.,The boy is happy the girl is playing soccer with him.,The girl is kicking the ball to the boy.,The girl is wearing a chef hat.,The boy and the girl are playing with the ball in the rain.,The apples on the tree are red.,cartoon of a family having fun in the garden.,0.012167734894158407,0.0
181,2624,2624,917,2,Scene917_2.png,The girl and the boy is playing in the rain.,The girl Kicks the soccer ball.,The boy cheers the girl on.,The girl is kicking the ball to the boy.,The boy is wearing a baseball hat.,The girl is surprised by the rain.,boy and girl playing football in the park.,0.07808721218735966,1.0
182,2626,2626,917,0,Scene917_0.png,The boy is jumping inthe air.,The girl is kicking the ball.,The dog is standing by the girl.,It is rainy in the park.,The boy wants the girl to kick the soccer ball to him.,The dog watches the boy and the girl play soccer.,children playing soccer on the field.,0.07430372301153322,1.0
183,2693,2693,783,8,Scene783_8.png,The girl is on the slide,The boy is flying a kite,The wind is moving the kite,The girl loves to slide,The boy loves to fly kites,The boy offers to share the kite,boy and girl flying a kite in the park.,0.6719168682909161,0.0
184,2695,2695,783,9,Scene783_9.png,The boy is flying a kite.,The girl is playing on the slide.,The girl and the boy are having fun.,The girl just went down the slide.,The boy is flying a kite.,A snake is slithering by.,kids swinging on the swing in the park vector art illustration.,0.011079706924140583,0.0
185,2697,2697,783,6,Scene783_6.png,The girl is on the slide.,The girl is wearing sunglasses.,The boy is flying the kite.,Flying kites makes the boy angry,The girl is sliding down the slide in the boy's sunglasses,This only adds to the boys anger,a woman with a baby on her back.,0.009920850206144402,1.0
186,2754,2754,700,2,Scene700_2.png,The girl is mad at the boy.,The boy's sad that the girl is angry at him.,The boy and the girl have to share a pie.,The boy and the girl are about to eat some pie.,There is a thunderstorm in the sky.,The boy and the girl are sitting by a campfire.,illustration of kids jumping on a basketball.,0.0009806296970121906,1.0
187,2757,2757,700,6,Scene700_6.png,The girl kicked the ball.,The boy is afraid of fire.,The girl likes playing ball with the boy.,The girl kicks the ball.,The boy made a campfire.,The boy thinks the ball will melt.,boy and girl playing basketball on the grass in the park vector art illustration.,0.021465205274111977,0.0
188,2758,2758,700,4,Scene700_4.png,The girl is warming her hands at the fire.,The boy kicked the basketball.,The ball is in the air.,The boy kicks the ball high.,The girl is standing by the fire.,The sun is behind the big tree.,boy playing with fire in the park.,0.21017057626750715,1.0
189,2893,2893,792,8,Scene792_8.png,The boy is wearing a blue hat.,The girl is holding three balloons.,The boy is drinking a soda.,The girl is running with balloons.,The boy is running with a soda.,The girl and the boy are running to play on the swings.,happy kids having fun on the playground.,0.009147189574971924,1.0
190,2894,2894,792,2,Scene792_2.png,The girl and the boy are having fun onthe swings.,The girl likes the duck.,the owl is looking at the boy.,The boy and the girl are on the swings.,The owl is in the tree.,There is a duck by the tree.,children playing in the park on a sunny day.,0.028999095463824832,0.0
191,2898,2898,792,4,Scene792_4.png,The boy and the girl swing on the swing set.,The boy's cap is on the ground.,A ball is near the slide.,The boy and the girl are playing on the swings.,The boy and the girl are holding hands.,The boy and the girl are smiling.,parents swinging their children in a swing.,0.06983951306843894,1.0
192,2923,2923,802,8,Scene802_8.png,The girl is sad because the boy fell.,The boy fell off the slide.,It starts to rain.,The girl is wearing a chef hat.,The boy slid down the slide.,It is raining at the park today.,illustration of a black woman being hit by a falling waterfall vector.,0.0006877771615876423,1.0
193,2924,2924,802,2,Scene802_2.png,An airplane flies across the sky.,The boy slid down the slide.,The girl has her hair in pig-tails.,The boy is very surprised,The boy is near a dog.,The girl is near the boy.,a vector illustration of happy children playing in the park.,0.003065961687810601,1.0
194,2928,2928,802,4,Scene802_4.png,The boy is afraid of the helicopter.,The girl is afraid of the boy on the slide.,The girl wants to hug the boy.,The boy is playing on the slide.,The girl is sad and crying.,A dog is standing beside the girl.,cute girl feeding dog in the park vector art illustration.,0.016818673425345012,1.0
195,2931,2931,128,7,Scene128_7.png,The boy is playing with a beach ball.,The cat is sitting on top of a bee bouncy toy.,The dog is watching the cat.,The boy is holding the ball.,The rocket is flying in the sky.,The dog is standng next to the boy.,animals on the beach vector art illustration.,0.06032354846841319,1.0
196,2933,2933,128,8,Scene128_8.png,The owl is sitting in the tree.,The rocket ship is in the sky.,The girl is tired of playing soccer.,The girl is wearing sunglasses.,The girl is angry because the rocket is leaving.,The owl is in the tree.,girl playing soccer on the green field.,0.09050719433387282,1.0
197,2934,2934,128,2,Scene128_2.png,The boy is dropping his hotdog.,The girl is jumping inthe air.,The boy is standing next to the tree.,The boy dropped his hot dog.,The girl is jumping toward the rocket.,The boy is running near the tree.,boy and girl playing in the park.,0.000583786374568151,1.0
198,3011,3011,843,7,Scene843_7.png,The girl is wearing a viking helmet.,The boy looks alarmed about the lightning.,The boy is kicking a soccer ball.,The girl and the boy are playing soccer,The girl is wearing a viking hat,There is a yellow table behind the girl and the boy,a vector illustration of kids running with a football and a kite.,0.015092750330950363,1.0
199,3013,3013,843,8,Scene843_8.png,The girl is wearing goggles.,The boy is kicking the soccer ball.,The dog is behind the tree.,The boy kicked the soccer ball to the girl.,The girl is going to catch the soccer ball.,Someone is flying a kite in the park.,children playing in the park vector art illustration.,0.06368536428427542,1.0
200,3017,3017,843,6,Scene843_6.png,The girl is wearing a funny hat.,The boy is wearing a helm.,The boy and the girl are playing football.,The boy is wearing a viking hat.,The girl is wearing a colorful hat.,The girl kicked the soccer ball.,girl kicking a soccer ball with boy.,0.1481163210247445,1.0
201,3043,3043,997,8,Scene997_8.png,The snake is in the sand box.,The air plane is in the sky.,The boy is standing on the sand box.,The boy and the girl are afraid of the snake.,The snake is leaving the sandbox.,The boy and the girl hear a helicopter.,boy and girl flying a plane in the sky.,0.2182229101040961,1.0
202,3045,3045,997,9,Scene997_9.png,The girl holds a bat,The girl is afraid of the snake,The boy is beside the girl,The girl and the boy are afraid of the snake.,The girl is playing with a bat.,The boy is jumping up.,children playing on the playground.,0.031143046141792228,0.0
203,3049,3049,997,3,Scene997_3.png,The boy saw the snake.,The girl kicked the snake.,The Pine tree was tall.,The boy is playing in the sandbox.,The girl is kicking the snake.,The sun is behind the clouds.,girl and boy playing in the park.,0.22804389727061825,0.0
204,3064,3064,687,2,Scene687_2.png,The girl is giving the boy a pizza.,The dog is standing next to the girl.,The boy has his arms open.,The boy is waiting to try the pizza.,The girl is carrying the pizza to the boy.,The girl baked the pizza.,grandmother and dog on the beach vector art illustration.,0.019397599760383494,1.0
205,3066,3066,687,0,Scene687_0.png,The girl is holding a pizza.,The boy is sitting on the grass.,The girl is standing by the table.,The girl is holding a pizza.,The boy is sitting in the grass.,A cloud is in front of the sun.,girl sitting on a bench and boy playing on a mobile phone.,0.07486346651770033,1.0
206,3067,3067,687,6,Scene687_6.png,The girl has a pizza.,The boy seems to be happy.,A cloud is in the sky.,The girl is holding out the pizza.,The boy is sitting and waiting for the pizza.,The dog is next to the girl.,vector illustration of a family playing with dog.,0.028594496616108078,1.0
207,3110,3110,864,1,Scene864_1.png,The girl wanted the boy to throw the baseball.,The boy and the girl are playing catch.,A hot air balloon floats by.,The boy kicked the baseball.,The girl threw the frisbee.,The girl is under the balloon.,boy and girl playing with balloons in the park vector art illustration.,0.03164638108685033,1.0
208,3115,3115,864,9,Scene864_9.png,The girl is wearing sun glasses,The girl just threw a frisbee,A plane is flying in the sky,The girl is wearing sun glasses.,The boy is throwing the frisbee.,The air plane is flying in the sky.,family on vacation at the airport.,6.760984164263707e-07,1.0
209,3119,3119,864,3,Scene864_3.png,There is a storm going on.,The boy is running with his dog.,The girl is catching a Frisbee.,There is a helicopter is the sky.,The boy is wearing a red and white hat.,A dog is standing beside the boy.,a vector illustration of kids playing with a dog.,0.07693893280869034,1.0
210,3125,3125,85,9,Scene85_9.png,An owl sits on top of the boy.,The girl is sitting close to the table.,A hamburger is on the table.,The girl looks at the table.,The boy is wearing a rainbow hat.,Someone is flying a kite.,a cartoon boy and girl playing wooden flute together in the park on a sunny day.,0.03194543006458258,1.0
211,3126,3126,85,0,Scene85_0.png,The boy is wearing a crown.,The girl is wearing a pointy hat.,The pizza is on the table.,MIke is king for a day,The girl serves him a burger and pizza,The girl is wearing a witch hat,children playing on the lawn.,0.013099177696202354,0.0
212,3129,3129,85,3,Scene85_3.png,The girl has a hamburger.,There are apples on the apple tree.,There is a baseball on the ground.,The boy wants to play baseball.,The girl wants to eat lunch  not play.,The boy says hello to the girl.,kids playing in the park vector art illustration.,5.789499568117801e-07,0.0
213,3160,3160,282,1,Scene282_1.png,The boy is holding a hamburger.,The boy is sitting on the grass.,The girl is kicking the ball.,The girl is kicking a beach ball.,There is a picnic table near the tree.,The boy is sitting  eating a hamburger.,children playing on a swing under a tree.,0.0341140294907438,1.0
214,3162,3162,282,5,Scene282_5.png,The girl punt a football over a dog.,The boy is grabbing a hamburger off the grill.,A man in a hot air balloon watches the boy and the girl play.,The girl has kicked the football and is worried it will hit the dog.,The boy is grilling hamburgers.,A man in a hot air balloon is waving at the boy and the girl but they do not notice him.,animated tv program flying with a dog.,0.040004701816028526,1.0
215,3165,3165,282,9,Scene282_9.png,The boy holds a hamburger,The boy is between the grill and table,The girl holds the baseball,The boy is making burgers.,The girl wants a burger.,The girl has a baseball.,father and son cooking barbecue on the grill.,0.08958849216546239,1.0
216,3224,3224,525,2,Scene525_2.png,The girl is flying a kite.,The boy has a football.,There is a hamburger on the grill.,The girl is flying a kite.,There is a hamburger on the grill.,The boy and the girl are holding hands.,happy children having fun on the swing in the field.,0.015365874446265748,1.0
217,3225,3225,525,9,Scene525_9.png,The girl is flying a kite.,The girl and the boy are holding hands.,There is a plane in the sky.,The boy is holding the girl's hand.,The girl is flying a kite.,An airplane flies overhead.,couple flying a kite in the sky.,0.9783122482674884,0.0
218,3229,3229,525,3,Scene525_3.png,The cat and dog are watching the boy and the girl.,The boy and the girl are holding hands.,The girl is wearing her crown.,The boy and the girl are holding hands.,The girl is flying a kite.,The boy and the girl are wearing hats,kids playing with a kite.,0.30360089349093655,0.0
219,3293,3293,248,8,Scene248_8.png,The boy and the girl are in the sandbox.,The boy is wearing a baseball cap.,Rain is falling from the cloud.,The boy is wearing the hat.,The boy is sitting in the sand box.,The girl is sitting the sand box.,kids jumping on the roof.,2.4267842756706214e-06,0.0
220,3295,3295,248,9,Scene248_9.png,It is raining on the girl.,The girl is in the sandbox.,The boy is wearing a ball cap.t,The girl is playing in the sandbox.,The girl is upset because it's raining.,The boy was grilling hot dogs.,boy and girl playing in the garden with buckets of water and shovels vector flat design illustration.,0.12509282970250027,1.0
221,3299,3299,248,3,Scene248_3.png,It is raining on the sand box.,The boy and the girl are in the sand box.,The boy is holding a shovel.,The boy is digging in the sandbox.,The girl is sitting beside the boy.,There is lightening in the sky.,boy and girl jumping on a park bench.,0.010628249763594534,0.0
222,3451,3451,983,7,Scene983_7.png,The girl kicked the ball at the boy.,The boy is mad she kicked the ball.,The owl is scared.,The girl kicks the football to the boy,THere's an owl above the girl,The girl is in front of the apple tree,children playing in the garden with apples.,0.0051606546043149034,1.0
223,3454,3454,983,2,Scene983_2.png,The girl is kicking the football,The dog is playing with the soccer ball,The boy is angry because he has no ball,The girl is kicking the football.,The soccer ball is in front of dog.,The boy is wearing a silly hat.,a boy and girl playing soccer on the field.,0.219478900039078,1.0
224,3458,3458,983,4,Scene983_4.png,The girl is wearing sunglasses,The girl kicks a football,The boy holds his hands up,The girl is wearing sun glasses.,The boy is catching the ball.,The girl is kicking the ball.,happy family jumping on the trampoline.,5.573003742720974e-07,1.0
225,3471,3471,559,7,Scene559_7.png,The boy is playing soccer.,The girl is scared of the soccer ball.,The girl is swinging next to a dog.,The boy is kicking a soccer ball.,The dog is brown.,The girl is on the swings.,girl swinging on the swing with her mother.,0.15139345794845627,0.0
226,3473,3473,559,8,Scene559_8.png,A bear holds a hotdog,The boy holds a cup,The girl falls off a swing,The girl is on the swing,The boy is playing soccer with a bear,The girl is crying,family playing in the park illustration.,0.029857778667860248,1.0
227,3478,3478,559,4,Scene559_4.png,The girl is sitting behind the swing.,The boy is kicking the soccer ball.,The boy is holding a cup.,The boy is kicking a soccer ball.,The girl is on the swing.,The boy is drinking a drink.,boy and girl playing football on the playground.,0.019306298587461856,1.0
228,3574,3574,255,2,Scene255_2.png,The girl is holding a football,The boy is wearing a baseball cap,the duck is on the ground,The boy wants the football.,The girl runs to the boy.,The duck follows the girl.,happy family playing together at the playground.,1.4069856480424601e-06,1.0
229,3578,3578,255,4,Scene255_4.png,The girl is mad because the boy has the ball.,The kids are playing under an apple tree.,The duck walks up to the girl.,The apple tree is behind the boy and the girl.,The girl is angry because she wants the ball.,The duck is facing the girl.,kids playing soccer in the park illustration.,0.1352242585666145,1.0
230,3579,3579,255,3,Scene255_3.png,The girl is sad.,The boy is on the slide.,A duck is next to the girl.,The boy is playing on the slide.,The girl is standing by the duck.,The boy is happy  but the girl is crying.,a girl playing with her doll.,0.05872864993956413,0.0
231,3591,3591,419,7,Scene419_7.png,The snake hasa a bat.,The girl is running away from the snake.,The boy is sitting on the ground.,The girl is running away she is scared of snakes.,The boy is also scared of snakes.,The snake is trying to play baseball.,cartoon boy and girl running in the park.,0.08533108547644808,1.0
232,3593,3593,419,8,Scene419_8.png,The girl is running away from the snake.,The boy is looking at the girl.,A balloon is flying above the tent.,The girl runs away from the snake,The boy wants the girl to comeback,The boy is sitting next to the tent,kids playing with hot air balloon in the field.,0.045992316113924334,1.0
233,3595,3595,419,9,Scene419_9.png,The snake is chasing the girl.,The boy wants the snake to stop.,A balloon is in the park today.,The girl is running from the snake.,The boy is wearing a hat of many colors.,The warm  yellow sun is in the sky.,children riding on a tricycle in the park illustration.,0.09328282320888867,0.0
234,3610,3610,433,1,Scene433_1.png,The girl and the boy are playing with the duck.,The boy is wearing a hat.,The girl is wearing purple glasses.,The girl waves hello to the boy.,The blue duck is sitting by the boy.,The girl is wearing sunglasses.,boy and girl walking in the park.,0.00845942878080217,1.0
235,3616,3616,433,0,Scene433_0.png,There is big cloud behind the boy.,The blue duck wants to sit by the boy.,The girl is waving at someone she sees.,The boy is sitting in the grass.,A duck is standing beside the girl.,There is one cloud in the sky.,children playing in the park illustration.,0.025012004899860343,0.0
236,3617,3617,433,6,Scene433_6.png,There's an owl in the tree,The girl is in front of the swingset,The boy looks at the duck,The boy and the girl are watching the duck.,The owl is in the tree.,The duck is watching the girl.,animated kids swinging on a swing.,0.0,1.0
237,3662,3662,809,5,Scene809_5.png,The girl is crying and sad.,A dog is biting the girl.,The boy is very shocked.,The girl sees the green snake.,The boy see the lighting.,The hot air balloon flys by the girl and the boy.,boy and girl running with a kite in the field illustration.,0.008599834408297933,1.0
238,3663,3663,809,8,Scene809_8.png,A rocket flies in the sky.,The girl looks sadly at the dog.,The dog has a ball in front of him.,The boy and the girl are sad because the dog has the ball.,The boy and the girl are playing near the swings.,The rocket soars in the sky.,animals playing in the park on a sunny day.,0.044057152140058835,1.0
239,3665,3665,809,9,Scene809_9.png,The girl and the boy are very sad.,The girl wears a blue hat with a star on it.,The dog wants to play with the baseball.,The boy and the girl are sad the dog took the ball.,The girl is wearing a blue baseball cap.,The boy and the girl are by the swingset.,a young woman playing with her dog in the park.,0.08371495606415431,1.0
240,3690,3690,752,1,Scene752_1.png,The rocket took off without the girl.,The girl is happy the duck and snake returned.,The girl is standing next to the rocking bee.,The snake is beside the duck.,The girl is scared of the snake.,There is a rocket in the sky.,animated frogs running in the grass.,0.009149793018621786,1.0
241,3698,3698,752,4,Scene752_4.png,The girl is sacred of the snake.,There is balloons behind the girl.,The girl is next to the sandbox.,The girl lost her balloons.,The girl is scared by a snake.,The duck does not see the snake.,girl with balloons in the park vector art illustration.,0.09024747735915396,1.0
242,3699,3699,752,3,Scene752_3.png,The girl has lost her balloons.,The snake is in love with the duck.,The duck is afraid of the snake.,The girl is sad and crying.,The snake is beside the girl.,The duck is beside the snake.,person and her friend flying a kite in the park.,0.04178109834157087,1.0
243,3737,3737,259,6,Scene259_6.png,The girl is flying a kite.,A cat is sitting next to the girl.,The girl grilled up some hotdogs.,The girl is flying a kite.,The grill is sitting beside the tent.,A cat is sitting beside the girl.,cartoon girl flying with kite in the field illustration.,0.30977953250583934,1.0
244,3738,3738,259,4,Scene259_4.png,The cat is on the swing.,The girl is flying a kite.,The girl is wearing a ski cap.,The girl and the cat are swinging.,The girl is flying a kite.,The boy is in the tent.,child playing on swing in the park.,0.10970047171333665,0.0
245,3739,3739,259,3,Scene259_3.png,The girl is flying a kite.,The cat is watching the girl.,The fire is in front of the tent.,The girl is flying a kite.,The kitten likes watching the string on the kite.,There is a fire by the tent.,girl and dog near the tent.,0.265182715925488,1.0
246,3812,3812,713,5,Scene713_5.png,A pie is sitting on the ground,The girl is holding a pink shovel.,There is a cat sitting next to the girl.,The girl is in a sand-box.,The girl is holding a shovel.,A cat is near the girl.,girl watering the grass with watering can illustration.,0.0002620295513736955,1.0
247,3814,3814,713,2,Scene713_2.png,The girl is petting the cat.,The girl and the cat are in the sandbox.,There is an air balloon in the sky.,There is a hot-air balloon in the sky.,The girl and the cat are in the sandbox.,The pail and shovel are outside the box.,girl sitting on a swing in the park vector art illustration.,0.031280608996641396,0.0
248,3819,3819,713,3,Scene713_3.png,"""""""Go Kitty!"""" the girl cried alarmed. """"Go get the duck! Quick!""""""",Kitty just sat there and stared.,The girl didn't realize that only girls wearing the magic beanie could see the duck.,An orange cat is in the sandbox.,The girl is wearing a hat with stripes.,A bucket and pail are in the sandbox.,person builds a castle for his princess.,0.00026092799515213777,1.0
249,3853,3853,213,8,Scene213_8.png,The girl is hitting the football.,The boy is wearing sunglasses.,The girl is really angry.,The boy is wearing sunglasses.,The girl is upset that the boy tossed the football her way.,The girl is holding a tennis racket over her head.,family playing football in the park vector art illustration.,0.05426074842019203,0.0
250,3854,3854,213,2,Scene213_2.png,The girl is trying to hit foot ball with raquet.,The boy is wearing a pirates hat.,The girl is upset.,The boy laughs at the girl.,The girl has the wrong ball.,The football is in the air.,animated cartoon girl playing golf on a sunny day.,0.0005034794966283086,1.0
251,3859,3859,213,3,Scene213_3.png,The boy is wearing a glasses.,The boy threw a football at the girl.,The girl has a badminton racquet.,The boy is throwing the ball to the girl.,The boy is wearing sunglasses.,The girl is holding a racket.,boy and girl playing tennis on the green field.,0.0006803869167104332,1.0
252,3883,3883,903,8,Scene903_8.png,The boy has a pirate hat on.,The girl has some balloons.,The boy is holding the cat.,The boy is very angry.,The girl is very happy.,The girl is holding  balloons.,boy and girl playing with a kite.,0.0017865996957808475,0.0
253,3884,3884,903,2,Scene903_2.png,The boy is wearing a pirate hat.,The girl is holding balloons by the apple tree.,The cat sits beside the boy.,The girl is holding four balloons.,The boy is wearing a pirate hat.,The girl is sitting under the apple tree.,animated tv program in the park.,6.261572266100849e-07,1.0
254,3885,3885,903,9,Scene903_9.png,The boy is wearing a pirate hat.,The girl is holding three balloons.,The cat is sitting next to the boy.,The boy is mad that the girl will not share the balloons.,The cat is next to the boy.,The boy is wearing a pirate hat.,kids running with a kite.,0.0017934348116904234,1.0
255,3902,3902,758,5,Scene758_5.png,The girl has fallen down.,The is laughing at the girl.,The boy is flying in a rocket.,The girl has a winter hat on.,A helicopter is in the sky.,A dog is near a cat.,animated tv program on the green field.,0.0031199869861870417,1.0
256,3905,3905,758,9,Scene758_9.png,The girl let go of her balloons.,The cat is not very fond of the dog.,The girl is very upset.,The cat and dog are beside each other.,The girl lost her balloons.,The helicopter and rocket are flying in the sky.,girl with dog on the meadow.,0.021387026626060752,1.0
257,3909,3909,758,3,Scene758_3.png,the helicopter is in the sky,The girl is jumping up,the balloons are in the sky,The girl has lost her balloons.,A rocket flies across the sky.,A helicopter is flying over the girl.,children playing in the park on a sunny day.,0.021778002902344672,1.0
258,3911,3911,204,7,Scene204_7.png,The pie and mustard are on the table.,The cat and dog are looking at the pie.,A hot air balloon flies far away.,The dog and cat smell pie.,The mustard is on the table.,The hot air balloon is far away.,dog and cat sitting on bench in the park vector art illustration.,0.1437256307545733,1.0
259,3915,3915,204,9,Scene204_9.png,The cat is riding the dog.,The girl let go of her kite.,The girl is waiting for the pie to cool.,The girl slips and falls next to a dog.,A cat is riding upon a smiling dog.,A kite harmlessly flies above the girl.,child playing with kite at the playground.,0.129856487940912,1.0
260,3918,3918,204,4,Scene204_4.png,The cat is standing by the tree.,The dog is standing by the pie.,The cat is sitting by the pie.,The girl is mad at the dog.,The dog is trying to eat the pie.,The cat is looking at the dog.,girl and a fire in the forest illustration.,9.445403848544918e-05,1.0
261,4051,4051,515,7,Scene515_7.png,The boy is afraid of the bear.,The girl is afraid of the bear.,The boy and the girl are sittting in the sand box.,The bear is trying to scare the boy and the girl.,The boy and the girl are playing in the sand box.,The girl has a shovel to play with.,children playing in a park.,0.10355212607297978,0.0
262,4055,4055,515,9,Scene515_9.png,The boy is angry with the bear.,The girl is scared of the bear.,The boy and the girl are sitting in the sand box.,The boy and the girl play in the sandbox.,A bear scares the boy and the girl.,The boy is mad at the bear for scaring the girl.,children reading a book on picnic blanket.,0.0,1.0
263,4057,4057,515,6,Scene515_6.png,A big bear scares the girl.,The girl and the boy are sitting in a sandbox.,The girl has a crown on her head.,A bear is in the park!,The boy is in the sandbox.,The girl has a crown on.,bear and bear cubs in the forest.,0.16393611038288933,0.0
264,4083,4083,179,8,Scene179_8.png,The boy is holding a hamburger,The girl is sitting on the ground,owl is the tree,The boy is holding the burger.,The water is sitting on the table.,The owl is sitting in the tree.,family picnic on the nature.,0.02723672106442874,0.0
265,4087,4087,179,6,Scene179_6.png,The girl is sitting under an apple tree.,The boy is holding a burger and a drink.,A play is flying in the sky.,The girl has a pink jumper on.,The boy has a burger in his hand.,The boy is holding a soda-can.,children eating christmas food on the plane.,0.0033713391833537763,1.0
266,4088,4088,179,4,Scene179_4.png,The boy has a hamburger.,The boy is wearing sunglasses.,The plane is flying.,The boy and the girl sit down for lunch.,The boy is eating a hamburger.,A plane flies over the boy and the girl's heads.,the plane flies over the family.,0.8000239991581217,0.0
267,4105,4105,616,9,Scene616_9.png,The girl sits on the ground,The boy holds a basketball,The boy wears a viking hat,The boy is holding a basketball.,There is a campfire by the tree.,The girl looks upset at the boy.,boy playing basketball in the park vector art illustration.,0.16835838323237573,0.0
268,4106,4106,616,0,Scene616_0.png,The girl is playing in the sandbox.,The boy is holding a basketball.,The dog is wearing a blue collar.,The boy offers the girl the baskbetball.,The girl is mad at the boy.,The boy brought his dog to the park.,boy and girl playing with a ball in the park vector art illustration.,0.09799319462034917,1.0
269,4108,4108,616,4,Scene616_4.png,The boy wants to play with the girl.,The girl is angry at the boy.,The dog is standing next to the boy.,The boy is not happy.,The girl is very upset with the boy.,The boy is holding a basketball.,children playing with dog on the lawn.,0.07953684299814531,1.0
270,4133,4133,13,8,Scene13_8.png,The girl is showing the boy what's for lunch.,The boy is happy that lunch is ready.,The girl and the boy are having a picnic.,The girl is happy  she likes pizza.,The boy is wearing a ball cap with a star.,The boy wants a piece of pizza.,happy family running in the park.,0.05340989176273902,1.0
271,4135,4135,13,9,Scene13_9.png,The boy is very happy.,There is a pie on the yellow table.,There is a pizza on the yellow table.,The boy waves hello to the girl.,The girl brought pie for dessert.,The boy and the girl will have a picnic.,parents feeding their baby on the plane.,0.014193536557572026,1.0
272,4136,4136,13,0,Scene13_0.png,The boy is excited to eat some pie.,The girl is excited to eat some pizza.,The boy and the girl are happy to have a picnic.,The boy is excited to have pizza for lunch.,The girl decorated the picnic table with balloons.,The girl brought a picnic to the park.,boy and girl having picnic on the beach vector art illustration.,0.12138378472015564,1.0
273,4141,4141,778,7,Scene778_7.png,The girl is about to catch the ball,The boy is on the swings,The girl is wearing a chef hat,There is a hot air balloon.,The girl dropped the ball.,The boy is on a swing.,cartoon of a mother and daughter having fun at the playground.,0.015707180688822407,1.0
274,4144,4144,778,2,Scene778_2.png,The boy is on the swing.,The girl is playing with a ball.,The boy is sad because he wants the ball.,The boy is on the swing.,The girl is throwing a ball to the boy.,The boy is not happy.,boy and girl playing with a ball in the park on a sunny day.,0.5246054462872305,1.0
275,4147,4147,778,6,Scene778_6.png,The girl has a basketball.,The boy played on the swing set.,The cat was hiding under the tree.,The girl happily tosses a basketball at the boy.,An owl perches on the tree above the girl.,The boy swings in front of an apple tree.,how to create a playground for kids.,0.0007162587347188696,1.0
276,4200,4200,554,1,Scene554_1.png,The girl is wearing sunglasses.,The boy holding a bunch of balloons.,The boy is afraid of the campfire.,The boy is holding a bunch of balloons.,The girl is wearing purple sunglasses.,It is a sunny day.,boy and girl holding a hot air balloon at sunset.,0.04333543628637418,1.0
277,4203,4203,554,8,Scene554_8.png,The girl is wearing a pirate hat.,The boy is holding the balloons.,A rocket flies in the sky.,The girl is wearing the hat.,The boy is holding the balloons.,The rocket is flying in the sky.,happy boy and girl flying on the beach with balloons.,0.2796332559117229,0.0
278,4208,4208,554,4,Scene554_4.png,The boy is wearing a sunglasses,The girl want's to play with the balloon,The boy is holding the balloon,The boy is very surprise.,The girl is very happy.,The boy is holding balloons.,kids playing in the park.,8.620458739609868e-07,0.0
279,4385,4385,489,9,Scene489_9.png,The cat is sitting on a grill.,There is a lightning storm coming.,The boy wants to play but the girl is too sad.,The boy is very happy.,The girl is very sad.,A cat is on the grill.,kids running with a kangaroo.,0.0008736970220083537,1.0
280,4386,4386,489,0,Scene489_0.png,The ketchup and mustard are on the table.,The girl is standing by the grill.,The boy is running towards the girl.,The girl is at the grill.,Ketchup and mustard are on the table.,The boy has a rain cloud above him.,girl and boy playing barbecue on the lawn.,0.02099656884034372,1.0
281,4389,4389,489,3,Scene489_3.png,The girl is wearing a chef hat.,The boy is running towards the table.,The ketchup and mustard are on the table.,The girl has on a chef hat.,The mustard and ketchup are on the table.,The dog is watching the girl cook.,a mother and daughter cooking chicken in a barbecue.,0.008179688637146857,0.0
282,4471,4471,404,7,Scene404_7.png,The bucket is in the sandbox.,The boy runs to the ball.,The boy is wearing a baseball cap.,There is a beach ball beside the sandbox.,There is a pail in the sandbox.,The boy is wearing a blue hat.,boy playing in the sandbox.,0.3694148165512784,1.0
283,4472,4472,404,5,Scene404_5.png,The boy is building a castle in the sand.,The ball is nexto the boy.,The boy is wearing a pirate's hat.,The boy is next to the sandbox.,The boy sees a ball.,The sun is shining on the boy.,illustration of a pirate holding treasure chest beside a wooden bench vector.,0.06733886625961812,1.0
284,4476,4476,404,0,Scene404_0.png,The girl want to play in the sandbox.,The boy want to play with the ball.,The girl and the boy are happy.,The girl is holding a bucket and shovel.,The boy is kicking a beachball.,The girl is happy to see the boy.,children playing in the park.,0.01111792647308791,1.0
285,4552,4552,146,5,Scene146_5.png,The boy is drinking water.,The girl is in the sand box.,The air baloon is in the sky.,The boy and the girl are playing in the sandbox.,The cat wants to play in the sandbox  too.,The boy and the girl see a friend coming to the park.,boy and girl playing on a wooden terrace with a kite.,0.04304494364421549,1.0
286,4557,4557,146,6,Scene146_6.png,The boy is happy to see the cat.,The girl is surprised to see the cat.,The boy and the girl are sitting.,The baseball is next to the girl.,The girl is waving at the cat.,The boy is smiling.,children having fun on the lawn.,1.8142714164504784e-06,1.0
287,4558,4558,146,4,Scene146_4.png,The girl is sad that she fell down.,The boy is running towards the cat.,The cat is staring at the boy and the girl.,The girl has a sad look on her face.,The boy has a smile on his face.,The boy is running to the cat.,family walking in the park illustration.,9.628979905540644e-07,0.0
288,4582,4582,70,5,Scene70_5.png,The boy is sitting on the slide.,The girl is standing at the bottom of the slide.,The boy is sitting cross legged.,The boy is ready to go down the slide.,The girl is waiting for the boy.,A dog is watching the boy and the girl,girl riding a dog on a leash vector art illustration.,0.023789964690149427,1.0
289,4584,4584,70,2,Scene70_2.png,The owl is in the tree.,The boy is climbing up the slide.,The girl is sliding down the slide.,The boy is at the top of the slide.,The girl just slid down the slide.,The owl is watching from the tree.,father and daughter swinging on a trampoline in the park illustration.,0.009716708076903457,1.0
290,4587,4587,70,6,Scene70_6.png,The girl is standing on the slide.,The boy is excited for the girl.,A duck and dog watch them.,The girl is going down the slide.,The boy is cheering for the girl.,The boy and the girl like to play.,how to make a 3d playground.,0.0025408178207623057,1.0
291,4621,4621,341,7,Scene341_7.png,The kite flew away.,The boy and the girl are sad.,Thier is a pink pail in the sand box.,The boy is wearing a baseball cap.,A pail is in the sandbox.,The girl is sad because she lost the kite.,father and son playing baseball on the field.,0.053150833796363525,1.0
292,4624,4624,341,2,Scene341_2.png,The boy is holding the girl's arm.,The kite is flying away from the girl.,The tree is full of apples.,The girl lost her kite.,The boy and the girl are not happy.,The boy is standing next to the girl.,children playing in the park with kite.,0.22367127753634433,1.0
293,4628,4628,341,4,Scene341_4.png,The boy is holding the ball.,The girl is sad because the kite flew away.,The boy is standng by the girl.,The girl's kite flew away.,The boy is trying to help the girl.,The boy has a beach ball.,how to draw a kite in vector graphics editor software.,0.12271115483057932,0.0
294,4672,4672,867,5,Scene867_5.png,The girl is flying a kite.,The boy is holding a Frisbee.,The cat is sitting near the boy.,The girl has a huge smile.,The boy is playing with a freeze-be.,The boy is near a apple tree.,children playing kite on the lawn.,0.16289470182834342,1.0
295,4677,4677,867,6,Scene867_6.png,The girl is flying a kite.,The boy is trying to call the cat over.,The bear through the frisbee to the boy.,The girl is flying a kite.,The boy is throwing a Frisbee.,The cat is looking at the grill.,boy playing golf in the park.,0.00015406755675574936,1.0
296,4679,4679,867,3,Scene867_3.png,JENNY IS FLYING A KITE,THE CAT IS LOOKING TO PLAY WITH MIKE,MIKE IS PLAYING WITH A FRISBEE,The girl is flying a kite.,The boy wants to play Frisbee with the cat.,The cat does not like the Frisbee.,happy family with a cat.,0.07079711595510275,1.0
297,4722,4722,104,5,Scene104_5.png,The girl is standing next to the table.,They are said because they lost the balloons.,The boy jumped to catch the balloons.,The boy is holding balloons.,The girl is waving to the boy.,There is a pie and some ketchup on the table.,little boy and girl having fun on the lawn.,0.008548088652178777,1.0
298,4726,4726,104,0,Scene104_0.png,The boy is holding the balloons.,The girl is standing next to the table.,The hot dog is on the table.,The girl is sad that there is no pizza.,The boy is happy to be holding the balloons.,The boy is sitting in the grass.,children playing on the playground.,0.014204473685292755,0.0
299,4728,4728,104,4,Scene104_4.png,The boy sees the hot air balloon.,The girl is not happy that the boy has gone to see the balloon.,The boy waves to the person in the hot air balloon.,The girl is wearing a crown.,The girl is sitting under the tree.,The mustard is beside the pie.,family in a hot air balloon in the forest.,0.3477342237410819,1.0
300,4741,4741,563,7,Scene563_7.png,The balloons are flying away.,The girl is holding a pie.,The boy is doing a happy dance for the girl.,Red apples are in the tree.,The girl is holding a pie.,The girl is standing next to a barbecue.,a woman cooks a barbecue on a green meadow.,0.2186087918575963,1.0
301,4745,4745,563,9,Scene563_9.png,The boy is walking away from the girl.,The girl is holding a pie.,The boy is sad because he wants some pie.,The girl is angry because the boy doesn't want the pie.,The boy is running away from the girl.,The ballons in the sky are pretty.,boy and girl playing tent in the field illustration.,0.005820735673041757,1.0
302,4748,4748,563,4,Scene563_4.png,The girl wants the pie,The beachball is behind the girl,The baloons are between the girl and the boy,The four balloons flew away from the girl.,The boy offered the girl a pie to make her happy.,The beach ball was near the swing set.,parents playing with a ball on the playground.,0.011027698056562698,1.0
303,4770,4770,805,1,Scene805_1.png,The girl and the boy are above a sandbox,The girl and the boy are holding hands,There's a frisbee between the boy and the girl,The girl and the boy are holding hands.,The cat is  in the sandbox.,There are clouds in the sky.,person jumping over the pool.,1.8094810094038075e-06,1.0
304,4772,4772,805,5,Scene805_5.png,The boy is holding a hotdog.,The girl is holding a hamburger.,The boy is wearing a chef hat.,The girl is not happy with her burger.,The boy burnt the burgers.,The boy has a hotdog with mustard.,a family preparing barbecue on a summer day.,0.0038650458732495184,1.0
305,4778,4778,805,4,Scene805_4.png,The boy and the girl are eating.,The boy wears a pair of sunglasses.,The girl wears a big hat.,The boy is eating a hot dog for lunch.,The girl is having a hamburger for lunch.,The girl is wearing a chef hat.,cartoon illustration of a mother and daughter having fun in the garden vector.,0.050790127287255744,1.0
306,4801,4801,595,7,Scene595_7.png,There is a hotdog on the table.,The girl kicked the beach ball.,There is a ketchup bottle on the table.,The girl is kicking the ball to the boy.,The boy is having fun playing with the girl.,The ketchup and hot dog are on the table.,children playing in the park illustration.,0.02051186293252094,1.0
307,4803,4803,595,8,Scene595_8.png,The beach ball is orange  blue  green  yellow and red.,The sun is out.,The man in the air balloon is waving.,The girl kicks the beachball to the boy.,The boy catches the beachball.,A hot-air balloon floats in the sky.,kids having fun on a hot air balloon in the sky.,0.19581170437426143,1.0
308,4807,4807,595,6,Scene595_6.png,The girl just kicked a beach ball.,The boy and the girl went for a picnic.,The boy will catch the ball.,The girl kicked the ball to the boy.,The ketchup is on the table.,The sun is shining today.,play a game of golf.,0.0007372053578592816,1.0
309,4820,4820,23,1,Scene23_1.png,The girl is wearing sunglasses.,The boy is in a tree.,The boy is holding a ball.,The girl is wearing the sun glasses.,The girl is wearing the glove.,The boy is holding the ball.,children running in the park on a sunny day.,0.01647443545396124,1.0
310,4821,4821,23,7,Scene23_7.png,The girl is throwing a baseball.,The boy is running to the tree.,A dog is running behind the boy.,The girl is catching a baseball.,The dog is running after the boy.,There is a gray cloud in the sky.,a family walks their dog in a park.,0.047119407189300536,1.0
311,4824,4824,23,2,Scene23_2.png,The boy is sitting in the tree.,The boy has a baseball mitt.,The girl is holding a basball.,The boy is in the tree.,The girl throws the ball to the boy.,The girl wears sunglasses.,children playing in the park on a green background.,0.043459984841546964,0.0
312,4921,4921,590,7,Scene590_7.png,The rain fell on the girl and the boy.,The boy saw the rain fall on the dog.,The dog was under the apple tree.,The boy and the girl are sad.,It is raining today.,The dog is watching what the boy and the girl.,children playing in the rain.,0.15259141498660983,1.0
313,4925,4925,590,9,Scene590_9.png,The boy is wearing a crown.,There are apples on the tree.,Rain is falling from a cloud.,The girl and the boy are sad because it is raining.,The boy has a gold crown on.,The apple tree 9 apples.,kids playing in the garden with watermelon.,4.4366192473042757e-07,0.0
314,4927,4927,590,6,Scene590_6.png,Rain is falling from the cloud.,The snake is on the cloud.,The pirate hat is on the ground.,A hotdog is on the cloud.,A pirate hat is on the ground.,A cloud is raining into a drink.,digital art selected for the #.,1.1285103979406576e-06,1.0
315,4936,4936,120,0,Scene120_0.png,The boy wants to play badminton with the girl.,The boy is wearing a sunglasses.,The girl is wearing a funny hat.,There is one cloud in the sky.,The boy is wearing sunglasses.,The girl is holding a tennis racket.,boy and girl playing tennis on the court.,0.08415943698786137,1.0
316,4938,4938,120,4,Scene120_4.png,The girl wants to play tennis,The boy wants to play soccer,They decide to take turns and play both,The girl had a tennis racket and ball.,The boy had a soccer ball.,The boy and the girl played in the park together.,happy family playing soccer on the green field.,0.09596872045027907,1.0
317,4939,4939,120,3,Scene120_3.png,Rain is falling form the clouds.,The girl is holding a tennis racquet.,The sandbox is by the swing.,The girl is holding a tennis racket.,The boy is in front of the sand box.,It is starting to rain on the boy.,kids playing tennis in the garden illustration.,0.11455682943944229,1.0
318,4941,4941,69,7,Scene69_7.png,It is a rainy day.,The duck and the worm are friends.,The toys in the sandbox are getting wet.,The snake is by the tree.,The duck is by the tree.,The ball is in the sand box.,cartoon illustration of a man sheltering under an umbrella in the rain under a tree.,0.04342182701749343,1.0
319,4947,4947,69,6,Scene69_6.png,the duck is by the apple tree,the snake is by the tree,the sandbox is behind the tree,There's a apple tree near a Duck.,There's a duck in the grass.,There's a green snake in the grass.,birds on a tree branch.,0.08404181226888263,1.0
320,4948,4948,69,4,Scene69_4.png,It is rainging on the duck.,The duck is following the snake.,There is a ball near the slide.,The cloud is raining water.,The duck is following the snake.,The tree has apples growing on it.,children playing with a kite.,0.0006215495506937895,1.0
321,4980,4980,597,1,Scene597_1.png,The cloud is raining,The snake is scaring the boy,The girl is scared too,It is raining on the snake.,The boy and the girl are afraid of the snake.,The airplane is flying over the boy and the girl.,a family standing in the rain.,2.5608935838954278e-06,1.0
322,4983,4983,597,8,Scene597_8.png,The boy and the girl see a snake.,An airplane drives overhead.,The boy is upset about getting wet.,It is raining on the boy,The snake scared the boy and the girl,There is a plane flying though the sky,boy and girl flying in the forest.,0.042168792486369365,1.0
323,4988,4988,597,4,Scene597_4.png,A snake is slithering toward the boy.,The girl is afraid of the snake.,It is raining on the boy and the girl.,There is a snake between the boy and the girl.,The boy and the girl are sitting on the ground.,It is raining in the background.,children playing in the park illustration.,0.007844466962255974,1.0
324,5033,5033,650,8,Scene650_8.png,The boy is wearing round glasses.,The snake is in front of the sandbox.,The boy is running from the snake.,A snake is beside the sandbox.,The boy is wearing sunglasses.,The sun is in the sky.,boy running with a skateboard.,0.04679395571593241,1.0
325,5036,5036,650,0,Scene650_0.png,The boy is walking away from the tent.,A snake is going into the tent.,The tent is between two trees.,A snake is chasing the boy.,The boy is camping at the park.,The campfire is going beside the tent.,boy playing hide and seek in the forest.,0.0001460988915639168,0.0
326,5037,5037,650,6,Scene650_6.png,The boy is running from the snake.,The snake was under the table.,The boy is wearing sunglasses.,The boy is wearing the sun glasses.,The boy is scared of the snake.,The snake is by the table.,little girl playing on the playground.,1.575154201328445e-06,1.0
327,5062,5062,520,5,Scene520_5.png,The boy is throwing a Frisbee to the girl.,There is pizza on the table.,The girl and the boy are having fun.,The pizza is on the table.,The girl is catching the frisbee.,The boy is throwing the frisbee.,happy girl playing with a ball in the summer.,0.0006352692594894215,0.0
328,5064,5064,520,2,Scene520_2.png,The girl and the boy are wearing sunglasses.,The pizza is on the table.,The boy and the girl are throwing frisbee.,The girl and the boy are wearing sunglasses.,A pizza is on the table.,A dog is standing by the table.,dog with a cat on the meadow.,0.04950775622484472,1.0
329,5067,5067,520,6,Scene520_6.png,The boy is throwing the frisbee to the girl.,The pizza is on the table.,The girl is about to catch the frisbee.,The boy is playing with a freeze-be.,The girl is very excited.,There's a pizza on the table.,animation of a boy and a girl sitting at a table and watching a large sunflower grow.,0.058636016535433606,1.0
330,5081,5081,224,7,Scene224_7.png,The dog watch the girl and the boy sitting on the grass.,The dog was wearing his blue collar today.,The boy had on blue tennis shoes.,The boy and the girl are sitting under the cloud,The boy waves to the dog,The girl waves to the dog,girl playing with a dog in the field.,0.07174509968027841,1.0
331,5088,5088,224,4,Scene224_4.png,There is a tennis ball in front of the dog.,The girl and the boy are sitting on the ground.,There is an air balloon in the sky.,The girl brought her dog to the park.,The boy is nervous  he is afraid of the dog.,The dog wants to play with the ball.,kids playing with dog in the park vector art illustration.,0.13329882914793298,1.0
332,5089,5089,224,3,Scene224_3.png,The hot air balloon is in the sky.,The dog wants the pizza.,There is a pie in the grass.,The boy is sitting next to a dog.,The girl is happy about the pie.,The boy wants the pizza.,girls and a dog having fun on the grass.,0.20408334222262517,0.0
333,5092,5092,724,5,Scene724_5.png,The boy is holding a duck.,A kite flew off the girl hand.,An airplane is flying away from the balloon.,The boy is holding the duck.,The girl does not want to be close to the duck.,The kite is in the air.,happy children running on the runway.,1.1968938980852198e-06,0.0
334,5094,5094,724,2,Scene724_2.png,The boy is flying a kite,The girl is happy,There is a airplane flying in the sky.,The boy let go of the kite.,The duck jumped on the boy.,The plane is flying in the sky.,boy and girl flying with kite in the sky.,0.5867278342604896,1.0
335,5096,5096,724,0,Scene724_0.png,The girl loses her kite,The boy holds the duck,The man in the baloon waves at the girl,The boy offers a blue duck to the girl.,Surprised  the girl lets go of the kite.,A hot air balloon floats behind the boy.,a woman and a child flying a kite in the airport.,0.12194136834994761,1.0
336,5112,5112,410,5,Scene410_5.png,The girl fell down and is crying.,The boy is next to an apple tree.,The boy is sad for the girl falling.,There are apples in the tree,The girl is sitting on the ground,The girl is wearing a silly hat,boy and girl having fun in the park on a swing.,0.027103318170848423,1.0
337,5115,5115,410,9,Scene410_9.png,The boy is angry at the girl because he wants her kite.,The girl is angry because the food she cooked got burned.,The boy and the girl are angry at the thunderstorm.,The boy has mustard on his shirt,The grill is between the boy and the girl,The boy has four balloons,cartoon illustration of happy kids jumping with a dog.,0.0034441583906791463,1.0
338,5116,5116,410,0,Scene410_0.png,The boy lost his balloons.,The girl is surprised.,The duck is watching the boy and the girl.,The boy is sad because he lost his balloons,There are apples in the tree,The girl is sitting on the grass,children playing on the grass in park.,0.2660313930710027,1.0
339,5131,5131,580,7,Scene580_7.png,The dog is standing by the boy.,The girl is sitting on the grass.,The boy is sitting on the grass.,The girl and the boy look mad at the dog.,The dog is standing next to the hot dog.,It is starting to rain over the dog.,boy and girl playing with dog in the park vector art illustration.,0.08098602023347877,0.0
340,5135,5135,580,9,Scene580_9.png,The dog is oblivious to the rain  because he's happy to have food.,The girl is upset at the rain  because she wants to stay at the park.,The boy can't believe the dog snatches his food.,Rain drops are falling from the cloud.,The boy is sitting on the ground.,The girl is holding both arms up.,girl and dog holding a cat in the sky.,0.039086460062888226,1.0
341,5137,5137,580,6,Scene580_6.png,It is raining on the girl.,The boy hates the girl.,There is a dog that wants a hotdog.,Rain is falling on the girl.,An airplane is in the sky.,The boy is angry.,kids playing in the rain.,0.01224270566078719,1.0
342,5171,5171,729,7,Scene729_7.png,The girl is kicking the soccer ball.,The boy is waving at her.,The girl is mad.,The girl kicks the soccer ball to the boy,There's a baloon between the girl and the boy,The sun is above the girl,boy and girl playing football on the green meadow.,0.008208327388636458,1.0
343,5175,5175,729,9,Scene729_9.png,The girl kicked the ball.,The boy has a pirate's hat on.,The bear tries to scare the children.,It is a sunny day.,The girl is angry at the bear.,The boy is wearing purple glasses and a pirate hat.,illustration of a bear holding a basketball and a bear standing next to him vector.,0.1253295835242886,1.0
344,5176,5176,729,0,Scene729_0.png,The boy and the girl are playing.,The girl is kicking the ball to the boy.,The boy is wearing a pirates hat.,The boy is wearing a baseball cap.,The girl is sitting by the tree.,The girl is wearing a pirate hat.,cartoon kids playing soccer in the park.,0.0560483712942713,1.0
345,5201,5201,58,7,Scene58_7.png,The boy is kicking the soccer ball to the girl.,The soccer ball is flying through the swing.,The swing is in front of the tree.,The boy and the girl are playing soccer.,The soccer is between the swings.,The sun is in the sky.,children playing in the park illustration.,0.056088692074677426,1.0
346,5204,5204,58,2,Scene58_2.png,The boy and the girl are kicking the soccer ball through the swings,There is a pail and shovel beside the boy,The boy and the girl can play until the rain comes closer,The girl and the boy are playing soccer.,Rain is coming out of the cloud.,The swingset is by the big tree.,kids playing soccer on the grass.,0.25982609485530733,1.0
347,5207,5207,58,6,Scene58_6.png,A pizza and soda are next to the swing set.,The girl kicks the soccer ball.,The swing set between the boy and the girl is empty.,The girl is playing with the soccer ball.,There is no one on the swings.,There is a pizza on the ground.,father and children playing ball in the park vector art illustration.,0.052083194444386874,0.0
348,5213,5213,877,8,Scene877_8.png,The bear is wearing sun glasse.,The fire is next to the tent.,The girl is wearing the crown.,The bear tries to scare the girl.,The girl is happy to see the bear.,The fire is too close to the tent.,cartoon illustration of a girl and a bear.,0.07533986663332157,1.0
349,5215,5215,877,9,Scene877_9.png,The girl was excited when she built a fire.,The bear was afraid of the fire.,The girl built a fire next to the tent.,The bear is scaring the girl.,The girl is happy there is a tent.,There is a campfire beside the tent.,family having fun in the woods.,7.490192941910837e-07,1.0
350,5218,5218,877,4,Scene877_4.png,The bear is wearing sunglasses.,The girl is wearing a crown.,The girl is in front of the tent.,The girl is wearing a crown.,The tent is beside the campfire.,A bear is growling at the girl.,couple of bears holding a campfire.,0.185003344387344,0.0
351,5223,5223,158,8,Scene158_8.png,The girl wears a blue baseball cap.,The boy wears a pirate hat.,The boy wants to play football with the girl.,The girl is wearing the the hat.,The boy is wearing the hat.,The boy is sad because he wants the ball.,boy and girl playing baseball on the grass.,0.052048744963654615,0.0
352,5224,5224,158,2,Scene158_2.png,The girl wears a yellow crown.,The boy throws a football to the girl.,The boy wears a colorful hat.,The boy is giving the girl the football.,The girl is wearing her crown.,The hot air balloon flies over.,happy couple having fun in the park with hot air balloon.,0.1614141243592543,1.0
353,5227,5227,158,6,Scene158_6.png,The boy is handing the ball to the girl.,The boy is dressed as a pirate.,The girl is wearing a ball cap.,The boy is wearing a pirate hat.,The girl is wearing a baseball hat.,The boy and the girl are playing with a football.,boy and girl playing baseball on the field.,0.12641031905487937,1.0
354,5230,5230,711,1,Scene711_1.png,The boy and the girl are sitting in a sandbox.,The boy and the girl are playing with a ball.,The boy and the girl are upset.,The girl is very mad.,The boy is in a sand-box.,The boy is near a soccer-ball.,boy and girl sitting on a bench under an umbrella.,0.03923975083257748,1.0
355,5231,5231,711,7,Scene711_7.png,It is starting to rain and storm on the boy and the girl.,There is an owl in the apple tree.,The boy and the girl are sad because they have to go home now.,An owl is sitting in the tree.,Lightning is coming from a cloud,The girl is sad because it is raining.,girl jumping with a kite in the rain.,0.06804367792238908,1.0
356,5235,5235,711,9,Scene711_9.png,The boy and the girl are having an outdoor barbecue.,The lightning is scaring the boy and the girl.,The boy and the girl have a soccer ball to play with later.,The boy wants to cook.,It is thundering in the park.,The girl wants to play ball.,family cooking in the backyard.,0.006035556301186161,1.0
357,5253,5253,479,8,Scene479_8.png,The girl is jumping and crying.,The boy has been surprised by something.,A plastic pail is sitting in the sandbox.,The girl is afraid of the pink bucket.,A soccer ball rests between the girl and the boy.,The boy jumps next to the soccer ball.,boy and girl playing football on the grass in the park.,0.01628802103067931,1.0
358,5257,5257,479,6,Scene479_6.png,The boy is kicking the soccer ball.,The girl is sitting down.,The bear is at the bottom of the slide.,A bear is trying to scare the boy and the girl.,The boy kicked the soccer ball at the bear.,The bear scared the girl and made her cry.,children playing in the playground with toys vector art illustration.,1.2964390014452235e-06,1.0
359,5259,5259,479,3,Scene479_3.png,The bear wanted to play with the soccer ball.,The boy and the girl were playing with the soccer ball.,The girl and the boy didn't want the bear to play with the ball.,The bear is scaring the boy and the girl.,There is a soccer ball beside the girl.,The boy is wearing a witch hat.,animated cartoon characters in a forest.,0.0007874656636517156,1.0
360,5274,5274,465,2,Scene465_2.png,The boy wants to eat the hamburger,The girl wants to eat the hotdog,The girl and the boy are having a picnic,The girl is standing by the table.,The boy is standing by the table.,The hot dog is on the table.,family picnic in the park vector art illustration.,0.047876483101846716,1.0
361,5275,5275,465,9,Scene465_9.png,The girl just kicked something,The boy is running towards the food,A dog wants the food.,The girl is kicking the air.,The boy is walking to the table.,The dog is looking at the hot dog.,happy cartoon boy and girl running with a dog on the grass.,0.09155646631242478,1.0
362,5279,5279,465,3,Scene465_3.png,The boy looks at the food,There's a hamburger on the table,The boy stands beside the table,It is a sunny day.,There is a hamburger and a hot dog on the table.,The girl is by the swing set.,children playing on a sunny day.,0.4559714140489832,1.0
363,5292,5292,226,5,Scene226_5.png,The girl has balloons.,The boy wears a wool cap.,The boy is running away from the girl.,The girl is holding balloons,The boy is running from the girl,The boy is wearing a beanie,boy and girl holding balloons in the park.,0.3847421297035146,1.0
364,5294,5294,226,2,Scene226_2.png,The girl is holding balloons.,The boy is wearing a cap.,There is an airplane in the sky.,The girl is holding balloons.,The plane is flying away.,The boy is wearing a cap.,a girl with a kite in the sky.,0.11456206119693021,1.0
365,5297,5297,226,6,Scene226_6.png,The girl is holding balloons.,The boy is kicking his leg.,The cat is watching the girl.,The girl's balloons are pretty.,The boy's hat has a propeller.,The cat is watching the girl's balloons.,happy boy and girl running with kite in the park.,0.0005421729389194669,1.0
366,5320,5320,89,1,Scene89_1.png,The girl is under the swingset.,The boy is wearing sunglasses.,There is a hot air balloon in the sky.,The boy is wearing shades.,The girl is sitting near a swing-sets.,The boy is very shocked.,children playing in the park vector art illustration.,0.007782504760834138,1.0
367,5324,5324,89,2,Scene89_2.png,The girl is wearing a pirates hat.,The girl fell off the swing.,The girl is unhappy she fell off the swing.,The girl is crying.,The hot air balloon is flying above the girl.,The girl is wearing a pirate hat.,girl swinging on a swing in the park illustration.,0.08481014338773904,1.0
368,5328,5328,89,4,Scene89_4.png,A bucket sits on top of a sandbox.,The girl is crying sitting down by the swings.,A hot air balloon floats above the sandbox.,The girl fell off the swing.,The girl is wearing a pirate hat.,The girl is sad because she fell on the ground.,little girl on swing in the park.,0.06315064659893599,0.0
369,5361,5361,431,7,Scene431_7.png,The boy and the girl are laughing,The owl is in the tree,The tent is next to the boy and the girl,The girl and the boy have found a tent,They plan a camping adventure,The owl owns the tent but he wants to share,cartoon kids camping in the forest vector art illustration.,0.04123628896910145,1.0
370,5363,5363,431,8,Scene431_8.png,The boy and the girl went camping.,The boy and the girl are talking.,The boy and the girl are happy.,The boy and the girl are camping.,The boy is laughing at the duck walking by.,The boy and the girl are sitting by the tent.,children playing in the park.,2.4542607919202968e-06,0.0
371,5366,5366,431,0,Scene431_0.png,An owl is sitting in the tree.,The boy and the girl are camping.,The girl is wearing cool sun glasses.,The owl is in the tree.,There is a picnic table by the tree.,The girl is wearing purple sunglasses.,happy family with dog on the christmas tree.,0.06028067813385705,1.0
372,5391,5391,677,7,Scene677_7.png,The boy is standing behind the campfire.,The girl is feeling angry.,The boy is wearing a baseball cap.,The boy is waving to the girl.,The girl does not want to play with the boy.,The boy is next to the tent.,boy and girl camping in the forest.,0.0006333338354603715,1.0
373,5393,5393,677,8,Scene677_8.png,There's lightning above the boy,The boy is holding a hot dog,There's a fire between the boy and the girl,A fire is between the boy and the girl.,The girl is wearing a pink dress.,The boy is holding a hot dog.,family picnic in the park vector art illustration.,9.69027252322865e-07,1.0
374,5396,5396,677,0,Scene677_0.png,The boy is warming his hands by the fire.,The girl is made her foot is cold.,The girl is standing by an apple tree.,The girl is standing next to the tree.,The boy and the girl are standing by the fire.,There is a picnic table behind the boy.,kids playing with a fire in the park.,0.15976893473036285,0.0
375,5400,5400,916,1,Scene916_1.png,The girl is wearing a witch hat.,The boy is wearing a pirate hat.,The boy is holding a shovel.,The boy is holding a pink sc,The girl is wearing a witche's hat,The girl wants the pink scoop,happy cartoon girl and boy running on the grass with balloons.,0.0004346735936342823,1.0
376,5401,5401,916,7,Scene916_7.png,The girl is wearing a chef's hat,The pine tree is behind the boy,The swings are behind the girl,The boy is wearing a hat.,The girl is wearing a hat.,The girl is very happy.,an illustration of a family playing golf together.,0.002863533470327333,1.0
377,5403,5403,916,8,Scene916_8.png,The boy is waving to his friend  the girl.,The girl wants to give the boy a hug.,The tree behind the boy has bright  red apples.,The boy has a pirate hat on.,The girl has sunglasses on.,One tree has fruit on it.,boy and girl standing under a tree.,0.028858588971900613,1.0
378,5422,5422,561,5,Scene561_5.png,The girl kicked the ball to the boy.,The boy wants to catch the football.,The boy is happy to play football with the girl.,The girl kicks the football.,The boy gets ready to catch the football.,A cloud blocks the sun.,a vector illustration of happy kids playing football in the park.,0.250246689991786,0.0
379,5423,5423,561,8,Scene561_8.png,The sun is behind the cloud.,The girl is wearing a Viking hat.,The girl kicked the football.,The girl and the boy play football.,The girl wears a Viking hat.,The boy is surprised that the girl can kick a football.,girl kicking a football on the field.,0.23773720788172967,1.0
380,5425,5425,561,9,Scene561_9.png,The boy has a crown hat on.,The girl is kicking the football to the boy.,The boy is standing in front of the slide.,The girl kicked the football to the boy.,The boy will catch the football.,The boy is wearing a crown.,boy and girl playing cricket on the lawn.,0.007909237049594644,1.0
381,5510,5510,502,1,Scene502_1.png,The boy is wearing a blue hat.,The girl is sitting on the table.,There is a plane in the sky.,The boy is wearing a hat.,The girl is mad at the boy.,The girl is sitting on the table.,little girl playing with dog in the park.,0.011401036792555191,1.0
382,5511,5511,502,7,Scene502_7.png,The girl is unhappy sitting on the picnic table.,The boy is talking to his dog.,A big airplane is flying over the boy's head.,The girl is sitting on the picnic table.,The boy has a star on his hat.,The dog is standing next to the boy.,family on the plane with toys.,0.026607430376243708,1.0
383,5517,5517,502,6,Scene502_6.png,The girl is mad.,The boy is happy with the dog.,The plane is flying.,The boy and the girl are sitting in the grass.,The boy is petting the dog.,The girl is angry  but the boy is happy.,how to draw a girl on a plane.,0.09380531442139518,1.0
384,5554,5554,545,2,Scene545_2.png,The boy just hit the baseball.,The girl is going to catch the ball.,The boy is running with a bat.,The boy is excited to hit the baseball.,The girl is going to catch the baseball.,The girl and the boy are smiling as they play.,the girl runs with a ball.,0.14124277396973708,1.0
385,5558,5558,545,4,Scene545_4.png,The boy dropped the baseball bat.,The boy and the girl are playing baseball.,The girl is throwing a baseball to the boy.,The boy dropped the baseball bat.,The baseball glove is on the boy's hand.,The girl is holding a base ball.,boy and girl playing baseball in the park vector art illustration.,0.30006939618574113,0.0
386,5559,5559,545,3,Scene545_3.png,The boy holds a bat,here's a duck on the table,The girl throws the baseball to the boy,The boy and the girl are playing baseball.,The duck and pizza are on the table.,The shovel is under the table.,animated tv program with children.,0.0,1.0
387,5561,5561,950,7,Scene950_7.png,The girl is holding a kite.,The boy is sitting on the ground.,Lunch is almost ready.,The girl is flying a kite.,The boy is sitting in the grass.,A pie is on the table.,children playing on the grass.,0.22069792871299895,1.0
388,5565,5565,950,9,Scene950_9.png,The boy and the girl are having a barbecue picnic.,The boy and the girl are flying a colorful kite.,The boy and the girl are throwing a Frisbee.,The girl is flying a kite.,The boy is holding a Frisbee.,The girl is wearing a pirate hat.,happy family having barbecue on the beach.,0.18757842874079267,1.0
389,5567,5567,950,6,Scene950_6.png,There are hotdogs on the grill.,The boy is jumping into the air.,The boy is flying a kite.,The boy and the girl are having fun cooking out.,The boy is flying a kite.,The cat is looking at the boy and the girl.,boy and girl flying a kite in the park.,0.8811074426244458,1.0
390,5581,5581,68,7,Scene68_7.png,The boy puts mustard on his hamburger.,The girl is playing on the slide.,The girl wants a hamburger for lunch.,The boy has a hamburger.,The girl is at the top of the slide.,The boy has a bottle of mustard.,a woman and a child walking in the park.,0.00277172441143199,1.0
391,5583,5583,68,8,Scene68_8.png,The boy has a hamburger.,The girl is on the top of the slide.,The girl and the boy are smiling.,The girl is at the top of the slide.,The boy is holding a hamburger.,There sky is cloudy.,a cartoon woman is standing on a swing with her children.,0.006945577152611191,0.0
392,5589,5589,68,3,Scene68_3.png,The girl is coming down the slide.,The girl is angry at the boy,The boy ate the only hamburger.,The girl is coming down the slide.,The boy has a hamburger.,The picnic table is bright yellow.,children playing on swings in the park.,1.184284661736668e-06,1.0
393,5612,5612,702,5,Scene702_5.png,The girl and the boy are playing base ball.,The girl has a bat in her hand.,The duck is sitting beside the boy.,The boy is wearing a baseball mitt.,The girl is holding a baseball bat.,The duck is standing beside the boy.,happy children running and playing in the park on a sunny day.,0.028434680561699628,1.0
394,5613,5613,702,8,Scene702_8.png,The boy is holding his bat and glove.,The duck is standing by the tent.,The helicopter is in the sky above the boy.,The duck is by the tent.,The boy is holding up the bat.,The boy has a great big smile.,man flying a drone over the tent.,0.2525746140372146,1.0
395,5614,5614,702,2,Scene702_2.png,The duck is coming out of the tent,The boy is holding a glove,The cloud is above the boy,A duck came out of the boy's tent.,The boy is wearing a baseball mitt.,The boy is going to chase the duck away.,boy playing with a teddy bear in the camp.,0.0013018129497012626,1.0
396,5680,5680,853,1,Scene853_1.png,The bear is behind the girl,The boy is holding a pie,The fire is between the boy and the girl,The bear snuck up on the boy and the girl.,The girl is warming her hands by the fire.,The boy is holding a raspberry pie.,cartoon illustration of a family of bears holding hands and standing around the campfire.,0.06972712512591356,1.0
397,5686,5686,853,0,Scene853_0.png,The boy and the girl want pie,A bear stands behind the boy and the girl,A dog wants to play with the boy and the girl,The brown dog has a tennis ball.,The helicopter flies above.,The bear is behind the boy and the girl.,animated tv program in the park.,1.6654000532758914e-06,1.0
398,5688,5688,853,4,Scene853_4.png,The bear is behind the girl.,The boy is giving the girl a pie.,The table is in front of the tree.,The bear is scaring the girl.,The boy is giving the pie to the bear.,The yellow table is under the tree.,children playing on the playground.,1.8879830745535483e-06,0.0
399,5700,5700,751,1,Scene751_1.png,A helicopter flies in the sky.,The girl is wearing sunglasses.,The boy throws a frisbee to the girl.,The girl is wearing sunglasses.,The girl is throwing the Frisbee to the boy.,A helicopter is hovering above the boy.,boy and girl flying a plane on the background of sun and sky.,0.027230388843564723,1.0
400,5702,5702,751,5,Scene751_5.png,The duck tries to steal the burger.,The boy is about to throw the frisbee at the girl.,The cat watches the kids play.,The girl and the boy are happy.,The girl and the boy are playing frisbee.,The hamburger is on the grill.,happy children feeding ducks and geese in the garden.,0.050466819160609154,1.0
401,5708,5708,751,4,Scene751_4.png,The boy is throwing the frisbee.,The girl is throwing the ball.,The dog is standing next to the tree.,A dog has a baseball,The girl is running,The boy is smiling,cartoon illustration of a family walking in a park.,0.0011010688713789304,1.0
402,5793,5793,619,8,Scene619_8.png,The duck is on the dog.,The girl is waving to someone.,The boy is siting on the picnic table.,The boy is very surprised.,The girl is very shocked.,The girl is near a dog.,animation of a woman and a young boy sitting on a plane with their pet dog.,0.04994101138266882,1.0
403,5794,5794,619,2,Scene619_2.png,Matt is standing next to the swing set.,The girl sees something surprising.,Matt and the girl are not playing in the sandbox.,The boy is playing on the swing set.,There is a pink shovel by the sandbox.,The girl has blonde hair.,kids swinging on swings in the park vector art illustration.,0.008240970728061143,1.0
404,5797,5797,619,6,Scene619_6.png,The boy and the girl wave angrily.,The dog has joined the boy and the girl.,There is a thunder storm coming.,The girl is angry that their apple picking trip is being ruined by lightening.,The boy is surprised that the apples are so small.,The boy and the girl's dog is happy to be outside even though it is about to rain.,children holding a ball with a tree on it.,0.027625507179112038,1.0
405,5800,5800,357,1,Scene357_1.png,The girl was happy to see a slide.,A helicopter flew in the sky.,The slide was pink and silver.,The girl is running to the slide.,A helicopter is flying above the slide.,The girl is excited about the pink slide.,children playing on the playground.,9.924293117654198e-07,0.0
406,5801,5801,357,7,Scene357_7.png,The slide is close to the tree.,The girl is running to the slide.,There is a helicopter in the sky.,The girl is standing by the slide.,The cat is sitting by the girl.,The helicopter is flying in the sky.,girl playing with a dog in the park illustration.,0.02256167499503022,1.0
407,5803,5803,357,8,Scene357_8.png,The girl is running to the slide.,The helicopter is in the sky.,There is one cloud in the sky.,The girl is running toward the slide.,There is a cloud in front of the sun.,There is a helicopter in the sky.,girl jumping on a swing in the park.,0.0439021761303433,1.0
408,5881,5881,715,7,Scene715_7.png,The girl and the boy are sad because a pirate cat stole their food.,The girl and the boy are sitting on the grass.,The pirate cat is surely.,The cat is wearing a pirate hat.,The boy's lunch is by the cat.,The girl is wearing a pretty pink dress.,boy and girl sitting on the beach vector art illustration.,0.06347749940848493,1.0
409,5883,5883,715,8,Scene715_8.png,The boy is petting the cat,The girl is waving to the hot air balloon.,The boy is wondering what the girl is waving at.,The girl is waving at the hot-air balloon.,The boy is petting the cat.,The cat scratched the boy on the hand.,a cartoon family of dogs running in the park.,1.295380769301099e-06,1.0
410,5889,5889,715,3,Scene715_3.png,An unhappy the boy sits crosslegged by the cat.,The girl cries in front of the orange cat.,The sun shines above the boy's head.,The boy is sitting on the ground sad.,The girl is frowning at the cat.,The cat is sitting between the girl and the boy.,children playing with toys in the park vector art illustration.,0.0022554615590554866,1.0
411,5913,5913,984,8,Scene984_8.png,The girl runs home after playing all day.,The boy waves goodbye to the girl.,The bear tries to scare the dog.,The dog is next to the bear.,The girl is running away from the boy.,The boy is waving at the girl.,animated tv program running in the field.,0.03227453233982895,1.0
412,5914,5914,984,2,Scene984_2.png,The boy and the girl are kicking the ball.,A bear is watching the boy and the girl.,The dog is smelling the bear.,The boy is kicking the soccer ball.,The bear is sneaking up on the dog.,The girl likes to play soccer.,kids playing soccer in the park vector art illustration.,0.0837775188567029,1.0
413,5915,5915,984,9,Scene984_9.png,The girl kicks the boy the soccer ball,The boy is in front of the girl,There is a bear behind the boy,The bear is wearing a pirate hat.,The bear is next to a big tree.,The girl is kicking a soccer ball.,family in a forest with christmas tree.,0.023219663902036565,1.0
414,5921,5921,183,7,Scene183_7.png,The boy and the girl are playing on a sunny day.,The girl is hopping next to a sandbox.,The boy is startled by a snake.,The boy is scared of the snake.,The girl is wearing a pink dress.,The girl is happy it's sunny.,boy and girl running in the park.,0.006214706296348302,1.0
415,5922,5922,183,5,Scene183_5.png,The girl and the boy are afraid of snakes.,The tennis ball is next to the snake.,The boy is sitting in front of the slide.,The boy is playing fetch with the snake,The boy is sitting next to the slide,The girl wants to play with the boy,cartoon children having fun at the playground.,1.368241333361596e-06,1.0
416,5923,5923,183,8,Scene183_8.png,The boy and the girl are sad.,The snake is under the sun.,No one is playing with the balls.,There is a snake in the grass,The boy and the girl are scared of the snake,There are two balls in the grass,kids playing football on the green field.,0.012939973323270798,1.0
417,5943,5943,996,8,Scene996_8.png,The boy and the girl are camping.,The girl hears a bear.,The bear is roaring.,The bear is scary to the boy and the girl.,The girl is wearing her favorite pink outfit.,The sun is shining high in the sky,family camping in the forest.,0.14502001240559423,1.0
418,5946,5946,996,0,Scene996_0.png,The girl is wearing a silly hat.,The boy and the girl are sitting in the grass.,"""The bear's """"roar"""" freightened the boy and the girl.""",The girl is wearing a hat.,The boy and the girl are sitting by a tent.,A bear is scaring the boy.,children playing in the forest.,0.013885730751528396,1.0
419,5949,5949,996,3,Scene996_3.png,The boy and the girl are camping on a beautiful day.,A bear sneaks up on the boy and the girl's tent.,The boy is afraid of the bear  and the girl is sad.,There us a bear under the apple tree.,The girl is crying because the bear scared her.,The boy is worried the bear will tear the tent.,illustration of a couple in love sitting under an apple tree vector.,0.08597645076351712,1.0
420,5960,5960,676,1,Scene676_1.png,The girl tried to kick the green snake.,The boy was looking for his baseball mitt.,The girl found the tennis ball in the sandbox.,The girl tries to kick the snake,The boy doesn't want the girl to kick the snake,The boy and the girl are standing under the sun,cartoon illustration of a girl and a boy playing in the sun.,0.0993585400782966,0.0
421,5965,5965,676,9,Scene676_9.png,An airplane is flying over the girl.,The girl kicked the ball.,The boy is standing under the sun.,The girl kicked the snake.,The boy missed the ball.,It's sunny at the park.,kids playing in the park vector art illustration.,0.05330722449628959,1.0
422,5969,5969,676,3,Scene676_3.png,The girl is wearing a sunglasses,The snake is walking on the ground,The boy is talking to the girl,The girl is in front of a snake.,The boy is near a green snake.,The girl is wearing shades.,boy and girl playing golf together on the green lawn.,0.09719589662013235,1.0
423,6110,6110,591,1,Scene591_1.png,There is a bear by the swings.,There is a football by the table.,The boy is holding a drink.,The bear screams in fear of the cup.,The boy falls to the ground with his cup.,A football lies next to the yellow table.,family playing together at the playground.,9.688835049279217e-07,1.0
424,6113,6113,591,8,Scene591_8.png,The boy offers the bear a drink.,The bear roars with delight.,A hot air balloon floats in the sky.,The boy is holding a soda can.,The bear is trying to scare the boy.,The boy is looking at the bear.,boy and girl sitting on bench in park and reading a book.,0.00413134969436074,0.0
425,6115,6115,591,9,Scene591_9.png,The boy is holding a soda.,The boy's hat is sideways.,The bear is roaring at the boy.,The bear is trying to scare the boy.,The boy has brought a soda for the bear.,It is a cloudy day and a bear has come out of the woods.,cute bear holding a bat in the park illustration.,0.13569695508637666,0.0
426,6210,6210,890,1,Scene890_1.png,A hot air balloon is flying in the sky.,The girl is running because a storm is coming.,The girl is running to pick up the football.,The girl is very sad,The girl is wearing a pink jumper.,The girl is near a apple tree.,children flying in the sky with balloons.,0.23587515787025684,1.0
427,6211,6211,890,7,Scene890_7.png,The lightning is about to strike.,There is a balloon in the sky.,There are many apples on the tree.,The toy is wearing sunglasses.,The girl is sad and crying.,There is lightening in the sky.,digital art selected for the #.,5.351786507658523e-07,1.0
428,6213,6213,890,8,Scene890_8.png,The girl is running toward the tree.,The girl is wearing a ball cap.,There is lightning in the cloud.,The girl is wearing a baseball cap.,There is lightening in the sky.,A hot air balloon is in the sky.,girl playing with a kite in the forest vector art illustration.,0.02150600365898186,1.0
429,6224,6224,670,2,Scene670_2.png,The boy is wearing purple glasses.,There is a green snake crawling to the girl.,The girl has a star on her blue cap.,The boy and the girl are sitting in the grass.,The boy and the girl are wearing glasses.,The girl is wearing the boy's blue cap.,cute girl playing with a dog.,0.0015120990095301857,1.0
430,6227,6227,670,6,Scene670_6.png,The girl and the boy are wearing sunglasses.,The hot air balloon is above the boy.,The girl is at the bottom of the slide.,The girl is on the slide.,The boy has sunglasses on.,A balloon is in the sky.,family on a swing in the summer.,0.030949141552063936,1.0
431,6228,6228,670,4,Scene670_4.png,The boy and the girl are wearing glasses.,The girl is on the slide,The boy is behind the beach ball.,The girl is sliding down a slide.,The boy is happy to be at the park.,The girl is wearing sunglasses because it is sunny.,happy children playing in the park on a sunny day.,0.20741365340750773,1.0
432,6243,6243,294,8,Scene294_8.png,The dog is standing next to the girl,The girl is wearing a crown,The boy is happy in his pirate hat,The boy and the girl are very excited.,The dog is watching them jump.,The girl is wearing a crown.,boy and girl running with a dog.,0.06839967494543224,1.0
433,6244,6244,294,2,Scene294_2.png,The girl is wearing a yellow crown.,The boy is wearing a white chef hat.,There is a dog walking towards the girl and the boy.,The boy is wearing a chef hat.,The girl has her arms in the air.,The dog is in front of the boy and the girl.,cute cartoon dog and girl cooking a pizza together.,0.04606839921252242,1.0
434,6247,6247,294,6,Scene294_6.png,The girl calls for the dog,The girl is behind the dog,The dog is between the girl and the boy,The girl is wearing a crown.,The dog is between the girl and the boy.,The boy is wearing a pirate hat.,children playing in the park.,2.409817386777925e-06,1.0
435,6250,6250,228,1,Scene228_1.png,The girl has a pink shovel.,There is a scary bear.,The boy and the girl are not happy.,The boy is mad because he wants the shovel.,The girl is sitting on the ground.,A bear is in front of the tree.,family with a teddy bear.,0.06190736616088523,1.0
436,6252,6252,228,5,Scene228_5.png,The bear is afraid of the lightening.,The boy and the girl are afraid of the bear.,The boy and the girl run away from the bear and the lightening.,The boy is standing by the girl.,The bear is standing by the tree.,The girl is scared of the lightening.,kids running in the forest.,2.4880313962400353e-06,1.0
437,6256,6256,228,0,Scene228_0.png,The boy and the girl are smiling at the bear,The bear is wearing a helmet,The apple tree is behind the boy and the girl,The girl and the boy are smiling at a bear.,The bear is wearing a hat with horns.,The boy and the girl are sitting next to a tree.,a christmas card with a christmas tree.,0.04919367059366881,1.0
438,6290,6290,774,1,Scene774_1.png,The girl has a pail and a shovel.,The boy has a ball.,The girl is sitting in front of the swings.,The boy is sitting by the slide.,The girl is holding the pail.,The girl is holding the shovel.,children playing in the garden illustration.,0.005067774939966915,1.0
439,6292,6292,774,5,Scene774_5.png,There is an airplane flying in the sky.,The girl likes the pale and shovel.,Mile wears his new hat and holds a ball.,There is an airplane flying in the sky.,The boy is playing with a beachball.,The girl is playing with a bucket of sand.,a cartoon woman and a man with a kite.,0.09389541486888599,1.0
440,6295,6295,774,9,Scene774_9.png,The boy is throwing the ball in the air.,The girl has a bucket and shovel.,The boy and the girl are happy.,The boy has a new ball.,The girl is playing with a shovel.,The bucket is next to the girl.,boy and girl jumping with balloons on the beach.,0.05011424392914138,1.0
441,6391,6391,696,7,Scene696_7.png,The girl is holding a duck.,the bear try to scared the girl.,the duck wanted the girl to put her down.,The girl is holding a duck.,The girl is standing beside a tent.,A bear is standing in front of a table.,animals on the farm in flat style.,0.003711318654878594,1.0
442,6394,6394,696,2,Scene696_2.png,The bear stole the girl's princess crown.,The bear took the boy's baseball bat.,The girl and the duck are looking for the boy.,The duck is next to the girl.,The bear is wearing a crown.,The girl is sad about something.,person in front of the bonfire.,1.1500666491489425e-06,0.0
443,6396,6396,696,0,Scene696_0.png,The bear is roaring at Jenn,The duck is standing on the ground,The girl is scared of the bear,The bear is afraid of the duck.,The girl is afraid of the bear.,The balloon is up high in the sky.,children playing in the forest vector art illustration.,0.005150122180011693,0.0
444,6420,6420,362,1,Scene362_1.png,The boy got scared by the lightning.,The girl is running away with a cup of soda.,The boy has a ketchup in his hand.,The boy sees the thunder cloud.,The boy is holding the ketchup bottle.,The girl will run away.,a vector illustration of happy family playing barbecue together.,0.009761958456423603,1.0
445,6422,6422,362,5,Scene362_5.png,The boy is afraid of the thunderstorm.,The girl has a cold drink.,The cat is sitting next to the tree.,There is a thunderstorm.,The cat is hiding under the tree.,The boy and the girl are running home.,children playing in the garden illustration.,8.524243978935126e-07,1.0
446,6425,6425,362,9,Scene362_9.png,The boy is sad because there is lightning.,The boy is holding the ketchup.,The girl is holding a cold drink.,The girl has a drink.,The boy has the ketchup.,There is food on the grill.,boy and girl having barbecue on the lawn.,0.00841890537402248,1.0
447,6450,6450,99,1,Scene99_1.png,The bear is back to scare the boy and the girl.,The girl is going to fall off the slide.,The boys is scared as well.,The girl is on the slide.,The boy sees the bear.,The bear  sees the girl.,vector illustration of happy girl jumping on trampoline on the hill vector art illustration.,0.014184045474744198,1.0
448,6455,6455,99,9,Scene99_9.png,The girl is flying a kite.,The bear is roaring at the girl.,The boy thinks the girl is silly.,The girl is flying the kite.,The boy does not want to watch the girl fly the kite.,The bear is trying to scare the girl.,children playing with kite in the park.,0.38511866857896127,1.0
449,6456,6456,99,0,Scene99_0.png,The bear is got his arms in the air.,The girl has a hat with a propeller on her head.,The cloud is trying too cover up the sun.,The girl is wearing a hat.,A bear is behind the girl.,The boy is scared of the bear.,children and animals in the forest.,0.005697038209951031,1.0
450,6532,6532,841,5,Scene841_5.png,The boy is wearing purple glasses.,The girl is holding her balloons.,The cat is sitting beside of the girl.,The boy is wearing purple sunglasses,The girl holds the baloons,The boy flies a kite,children playing with a kite.,0.20062082529337755,1.0
451,6536,6536,841,0,Scene841_0.png,The girl is holding balloons.,The cat is sitting next to the girl.,The boy is flying a kite.,It is sunny today.,The cat is sitting behind the girl.,The boy is flying a kite.,a cartoon man and woman holding balloons and holding a kite in the background of the sun and clouds.,0.4958125248086864,1.0
452,6538,6538,841,4,Scene841_4.png,The girl is holding balloons.,The boy is flying a kite.,The girl is crying.,The girl is sad that the boy has a kite.,The girl has colorful ballons.,The boy has purple sunglasses on.,playing on the golf course.,0.005872635616997326,1.0
453,6572,6572,234,5,Scene234_5.png,A brown dog is standing by a tent.,A big owl is sitting on a grill.,The big owl watches the dog.,An owl is resting on the barbecue.,A dog walks near the tent.,The tent is orange.,vector flat illustration of a dog and cat sitting in the tent.,0.19818737379323081,1.0
454,6574,6574,234,2,Scene234_2.png,Rain is falling from the cloud.,The dog is by the tent.,The owl is by the campfire.,It is raining and lightning.,The dog and owl sit near the tent.,The owl and dog watch the fire.,cartoon illustration of a couple camping under an umbrella in the rain.,8.211120633875692e-07,1.0
455,6576,6576,234,0,Scene234_0.png,The owl is on top of the tent.,The dog has a frisbee in his mouth.,The sun is in the sky.,The owl is sitting on the tent.,The dog is holding the frisbee.,The dog is standing by the tree.,dogs on the meadow in the evening vector art illustration.,0.022671125533700542,1.0
456,6635,6635,399,9,Scene399_9.png,The boy is eating a hot dog.,The boy and the girl see a rocket.,The boy and the girl are holding hands.,The boy is sitting on the table.,The boy is eating a hot dog.,The girl and the boy are holding hands.,happy children playing with toys in the sandbox.,1.4295912710969504e-06,1.0
457,6636,6636,399,0,Scene399_0.png,A rockets flies away.,The boy is on the table.,The boy has a hotdog.,The boy and the girl like the rocket ship.,The boy is sitting on the picnic table.,There is a hot dog in the boy's hand.,a mother and daughter having fun on the playground.,0.03434523616825876,1.0
458,6637,6637,399,6,Scene399_6.png,The girl likes to stand in the rain.,The boy is sitting on the picnic table.,The cat is enjoying the fire.,The girl is standing in the rain,The boy is sitting on a picnic table,The boy is eating a hot dog,children playing in the rain under an umbrella.,0.30673844276092915,1.0
459,6651,6651,102,7,Scene102_7.png,The girl is sitting on the grass.,The boy is jumping in the air.,The dog is standing by the snake.,The boy is jumping in the air.,The girl is sitting in the grass.,The dog is standing next to the boy.,animation of kids playing with a kite.,0.0,1.0
460,6653,6653,102,8,Scene102_8.png,The boy runs in the park.,The girl is scared of the snake.,The hot air baloon is in the air.,A hot air balloon is in the sky.,The girl is sitting in the grass.,The boy is following the dog.,boy and girl running with kite in the field illustration.,0.03449462815683096,1.0
461,6658,6658,102,4,Scene102_4.png,A green snake slithered by the boy and the girl.,The dog is not afraid of the snake.,The boy and the girl threw their arms up.,The boy is near a dog.,The girl is very sad.,The girl is sitting near a tree.,kids playing in the park vector art illustration.,5.332431384222278e-07,1.0
462,6684,6684,59,2,Scene59_2.png,The boy is angry because the ball is in the tree.,The girl threw the ball in the tree.,The kids are playing near the slide.,The boy is mad because he wants the ball.,The ball is in the tree.,There is a plane in the sky.,family flying a plane at the airport.,0.16385518949321332,1.0
463,6686,6686,59,0,Scene59_0.png,The boy is dressed as a pirate.,The girl is pretending to be a wizard.,The boy and the girl are playing ball together.,The boy and the girl are wearing hats.,The boy and the girl are playing ball.,The tree has apples on it.,children in a green grassy field.,0.0005636016045737946,1.0
464,6688,6688,59,4,Scene59_4.png,The boy is jumping to catch the ball.,The girl is running at the boy.,The sky is very clear.,The girl is in fron of a tree,The boy is in front of the girl,The girl throws the baseball to the boy,boy playing video games in the park.,0.013002889176697978,1.0
465,6720,6720,92,1,Scene92_1.png,The boy is eating a hotdog and soda.,There is a soda cup on the picnic table.,The hotdog has mustard on it.,There is a cloud behind the tree.,The boy is standing sadly at the picnic table.,There is a soda on the picnic table.,a child playing with wooden blocks on the playground.,0.018812388654237948,1.0
466,6725,6725,92,9,Scene92_9.png,The boy is holding a hotdog.,There is a drink on the table.,The cat is by the table.,The boy is holding hot-dog.,A cat is near a table.,The boy is sittingg in the grass.,little girl playing with dog in the park.,0.016123898084549955,1.0
467,6728,6728,92,4,Scene92_4.png,The boy is holding a hotdog.,The boy has a ski cap on.,The boy is standing near the sandbox.,The boy is wearing a hat.,The boy has a hot dog.,The boy looks scared of something.,boy with shovel digging a hole in the ground.,0.0034408548320637097,1.0
468,6735,6735,921,9,Scene921_9.png,The boy is kicking the ball.,The girl is jumping in the air.,The cat is watching the boy play.,The boy is kicking the ball.,The cat sees the boy.,The girl sees the ball.,a boy playing football on the football field with his family.,0.000358637858022734,1.0
469,6737,6737,921,6,Scene921_6.png,The girl is wearing a pirate hat and the boy has on a crown,The boy and the girl are playing soccer,The boy and the girl do not see the snake crawl by,The girl was playing with the soccer ball.,The boy was wearing his crown.,The green snake got in the way of the girl and the boy's soccer game.,playing soccer in the park.,0.2990551240656907,0.0
470,6738,6738,921,4,Scene921_4.png,The boy and the girl are playing with a beach ball.,An owl is in the tree.,The boy and the girl are running.,The owl is watching the girl and the boy,The sun is shining brightly.,The boy and the girl are playing with the ball.,children running in the park illustration.,0.08135607324904244,1.0
471,6760,6760,212,1,Scene212_1.png,The girl kicked the beach ball.,The boy tried to catch the beach ball.,The dog smiled at the helicopter as it landed.,The girl is wearing a witch hat.,The boy dropped the ball.,The dog wants to play with the girl.,a boy flying kite with his family.,0.0407678303325968,0.0
472,6765,6765,212,9,Scene212_9.png,The boy is happy to play in the sandbox.,The girl is kicking the boy.,There is a cloud in the sky.,The girl is very angry.,The boy is very happy.,The girl is near a sand-box.,boy and girl flying in a plane.,0.021392876304746053,1.0
473,6769,6769,212,3,Scene212_3.png,The girl is holding a bat and glove.,A helicopter is in the sky.,An owl is in the tree.,The boy and the girl are angry at the helicopter.,There is an owl in the tree.,The boy and the girl were playing baseball.,children playing in the park.,0.06608640593088011,0.0
474,6811,6811,138,7,Scene138_7.png,The boy has ketchup.,The bear has mustard.,The ball is in the sand.,The bear has the mustard.,The boy has a bottle of ketchup.,The girl is playing in the sandbox.,children playing in the forest vector art illustration.,0.17243351793626638,0.0
475,6814,6814,138,2,Scene138_2.png,A bear found mustard.,The girl is surprised to see the bear.,The boy is waving to the bear.,The bear is holding the mustard,There's a baloon behind the boy,The girl is beside the fire,kids jumping with fire in the park vector art illustration.,0.06630759600564182,1.0
476,6816,6816,138,0,Scene138_0.png,The kids are happy to see the bear.,The bear is holding a hotdog.,The bear is holding the mustard.,The bear has a hot dog.,The bear has a bottle of mustard.,The boy and the girl are happy with the bear.,a cartoon man and a bear on the grass.,0.25677444618423984,1.0
477,6920,6920,584,1,Scene584_1.png,The girl is happy to have mustard,The boy is not happy with the pizza.,The boy and the girl eat pizza while camping.,The boy brings a pizza to share.,The girl wears a colorful cap.,The boy and the girl share a tent.,children riding in a tent.,0.13187822316892436,1.0
478,6924,6924,584,2,Scene584_2.png,The boy is carrying a pizza.,The girl has a bottle of mustard.,The boy is running past a tree.,The boy is holding a pizza.,The girl is holding the mustard.,The girl is sitting in the grass.,girl and boy running in the park illustration.,0.05132711549048509,1.0
479,6927,6927,584,6,Scene584_6.png,The boy is kicking a pizza.,The girl is throwing mustard.,The girl is sitting on the ground.,The girl is holding the mustard,The boy is holding a pizza,There's a baloon above the girl,boy and girl playing with a kite in the park vector art illustration.,0.00183536304118949,0.0
480,6972,6972,175,5,Scene175_5.png,The girl is kicking a soccer ball to the boy.,Rain is falling from the cloud.,The boy is jumping by the tree.,The girl kicked the soccer ball.,The boy is standing in front of the tree.,Rain drops are falling from the cloud.,boy and girl playing football in the park.,0.009831700067448825,0.0
481,6973,6973,175,8,Scene175_8.png,The boy and the girl are playing soccer.,It is raining today.,They are playing near the swing set.,It is starting to rain.,The girl and the boy are kicking the ball.,The girl is near the swing set.,children playing soccer in the park illustration.,0.20188604585160888,1.0
482,6978,6978,175,4,Scene175_4.png,The girl is wearing a sunglasses.,The boy is wearing a blue cap.,The boy and the girl are playing soccer in the rain.,The girl is wearing sunglasses.,The boy is wearing a baseball cap.,The boy and the girl are playing soccer.,kids playing football on the green grass.,0.07480274465790078,1.0
483,7090,7090,12,1,Scene12_1.png,The boy is holding the bat.,The girl is holding the ball,The sun is shinning.,The boy and the girl were playing baseball.,The girl wants to take a time out.,The boy wants the girl to throw the baseball.,kids playing basketball in the park vector art illustration.,0.017517024197818473,0.0
484,7094,7094,12,2,Scene12_2.png,The boy is holding a bat,The girl threw the ball at the boy,the plane is flying in the sky,The girl is happy to see the boy.,The airplane is flying near the sun.,The boy and the girl are playing baseball.,boy flying a kite in the park vector art illustration.,0.06563186650561365,1.0
485,7098,7098,12,4,Scene12_4.png,The girl is throwing a ball to the boy.,The boy is holding a baseball bat.,The sun is shining on the boy and the girl.,The girl has sunglasses on.,The sun is out.,The boy has a baseball bat.,children running in the park.,9.910008902620114e-07,1.0
486,7224,7224,848,2,Scene848_2.png,The girl is sitting next to the table.,The table has pizza and a cheeseburger.,The girl and the boy are happy to eat.,The boy is very happy.,The girl is very happy.,The girl is near a pizza.,boy and girl playing table tennis on the beach vector art illustration.,0.06074927616335789,1.0
487,7226,7226,848,0,Scene848_0.png,The boy looks at the pizza,The girl is below the sun,The pizza is between the girl and the boy,The boy is near table.,The girl is very  happy with the boy.,The boy is near a pizza.,a cartoon family of three playing in the park.,0.000672074622967513,1.0
488,7228,7228,848,4,Scene848_4.png,The girl is holding a hamburger.,The boy is holding a pizza.,The girl and the boy are standing next to the picnic table.,The boy is holding a pepperoni pizza.,The girl is holding a hamburger.,The boy and the girl are wearing sunglasses.,a boy and a girl eating breakfast at a picnic table.,0.19482633227882762,1.0
489,7244,7244,324,2,Scene324_2.png,The boy is wearing sunglasses,The girl stands in front of the boy,The girl is sad about the dog,The girl is afraid of the smiling brown dog.,The boy happily sits behind the brown dog.,The sun shines brightly above the girl.,kids playing in the park.,0.0059097959349857085,0.0
490,7247,7247,324,6,Scene324_6.png,The boy fell down on the ground.,The girl is waiving for help.,The dog is happy that the boy fell.,The girl is sad because the dog will not fetch the ball.,The boy is sitting on the ground.,The boy is wearing sunglasses.,a mother playing with her children on a lawn.,0.014524605505817008,0.0
491,7249,7249,324,3,Scene324_3.png,The girl holds balloons.,The boy sits on the ground.,The boy is wearing sunglasses.,The boy is wearing sunglasses.,The girl is keeping the balloons from the dog.,The dog is trying to get the balloons to eat them.,boy and girl running with a kite.,0.0006218502349874542,1.0
492,7252,7252,736,5,Scene736_5.png,Everyone has their hands in the air.,The boy and the girl want the ball and glove.,The bear is scaring the boy and the girl.,The bear is scaring the boy and the girl.,The ball is beside the glove.,The glove is between the bear and the girl.,bear and child playing in the grass.,0.11834856986336352,1.0
493,7253,7253,736,8,Scene736_8.png,The bear scares the boy and the girl.,The boy and the girl jump into the air.,A big cloud passes by the boy and the girl.,The boy and the girl are afraid of the bear.,The boy is wearing a pirate hat.,The girl is wearing the boy's blue cap.,family on a background of clouds.,0.018439238408270924,1.0
494,7255,7255,736,9,Scene736_9.png,The bear scares the boy and the girl.,The boy and the girl jump in the air.,The dog is not afraid of the bear.,The boy is near the girl.,The girl is near a bear.,The boy is near a dog.,children and animals in the forest.,0.0142318662686798,1.0
495,7360,7360,482,1,Scene482_1.png,The boy and the girl wave to each other.,The girl kneels behind the sandbox.,The boy stands next to the bouncy toy.,The girl loves waving to airplanes.,There was a snake in the sandbox!,The boy wants to talk to the girl.,little boy flying airplane on the runway.,0.00010886189679596952,1.0
496,7363,7363,482,8,Scene482_8.png,The girl is sitting in the grass.,A green snake is in the sandbox.,The boy is standing away from the girl..,The snake is in the sandbox.,The boy is waving at the girl.,The girl is happy that the boy came to play with her.,children playing in the park.,0.04700530931970349,1.0
497,7364,7364,482,2,Scene482_2.png,The girl is playing in the sandbox,The boy is wearing a pirate hat,The girl is wearing a crown,The boy is wearing the hat.,The plane is flying in the sky.,The girl is sitting in the sand box.,a cartoon of kids playing in the playground.,0.21380259063646073,0.0
498,7441,7441,959,7,Scene959_7.png,The boy is flying a kite,The girl is jumping up,The boy is wearing is a hat,The boy is playing with a kite,The girl wants to play with the boy's kite,The boy tries to kick the girl,happy father and son playing kite at the playground.,0.35401188774672526,1.0
499,7444,7444,959,2,Scene959_2.png,The boy is flying a kite.,The girl is next to the slide.,The girl is excited about the boy's kite.,The boy is flying a kite,The girl is jumping,There is a slide next to the girl,children swinging on a swing.,0.0018937380336199452,1.0
500,7445,7445,959,9,Scene959_9.png,there is an owl in the tree,The boy is holding a kite,The girl is holding a sand bucket,The boy is flying a kite.,The girl want to play with the sand.,The owl is watching.,boy and girl dancing in the park.,0.00855664890208101,1.0
501,7472,7472,291,5,Scene291_5.png,The boy and the girl were having a cookout in the park  when a bear came and stole their hamburgers while they were playing football.,"""""""The jokes on you bear!"""" said the boy.  """"Those are vegetarian hamburgers!""""""",The bear  a carnivore  was not amused at all.,A bear is holding a hamburger.,The boy is excited.,A football is in the air.,family picnic on the lawn.,0.0010564436865218075,1.0
502,7476,7476,291,0,Scene291_0.png,The boy is holding the mustard.,The girl is sitting in the grass.,The bear is about to eat a hamburger.,The bear is holding a hamburger.,The boy is holding mustard.,The girl is waiving to the bear.,happy children holding hands and running to the camera.,0.06056725748346414,1.0
503,7477,7477,291,6,Scene291_6.png,The bear is wearing a white hat.,The boy has a football.,The bear has a hamburger.,The boy is happily holding the football.,The girl is standing next to the apple tree.,The shouting bear is holding a hamburger.,kids playing in the forest.,5.635193704938791e-07,1.0
504,7502,7502,934,5,Scene934_5.png,The boy and the girl enjoy a sunny day,The boy and the girl are having a cookout,The girl wears a pink dress,The girl is near a pie.,The boy is near the grill.,There is three hot-dogs on the grill.,happy children having barbecue on the meadow.,0.0494236004904813,1.0
505,7504,7504,934,2,Scene934_2.png,The boy and the girl are barbecuing the bear.,The bear is wearing a propeller beanie hat.,The beach ball is in front of the bear.,The bear will land on the barbecue.,The bear will ruin the picnic.,A bear floated out of the sky.,illustration of a man riding a bull.,0.0186983131089223,1.0
506,7507,7507,934,6,Scene934_6.png,The boy and the girl are excited to eat.,The boy and the girl are standing near the grill.,The girl is standing next to the tree.,The boy is jumping in the air.,The boy is next to the swing.,The girl is jumping in the air.,a vector illustration of happy parents playing in the park.,0.019403630486182575,1.0
507,7553,7553,166,8,Scene166_8.png,The boy is going to eat a hot dog.,The boy is wearing sunglasses.,The girl has a pail and shovel.,The boy has a hot dog.,The girl has a bucket.,A cloud is in the sky.,girl and boy playing with sand in the garden.,0.016389581605418323,1.0
508,7554,7554,166,2,Scene166_2.png,The boy is eating a hot dog.,The girl has a pink pail.,The boy and the girl are sitting on the ground.,The girl is playing with her sand box toys.,The boy is sitting at the picnic table.,There is a hot dog in the boy's hand.,children sitting on a bench.,0.07640583155366779,1.0
509,7557,7557,166,6,Scene166_6.png,The girl is in the sandbox.,The boy is eating a hot dog.,The girl has a shovel and a bucket.,The girl plays in the sandbox.,The boy eats a hot dog.,The girl holds a shovel.,kids swinging on a seesaw.,0.0021086426755286035,1.0
510,7574,7574,366,2,Scene366_2.png,The boy is afraid he's going to be hit with a ball.,The girl is not playing nice.,The girl is wearing pink.,The girl has a soccer ball.,The boy is surprised the girl has the ball.,The girl is sitting beside the sandbox.,boy and girl playing football in the park.,0.025875535545954887,1.0
511,7577,7577,366,6,Scene366_6.png,The girl  is holding the ball.,The boy is standing by the table.,The ketchup is sitting on the table.,An airplane is flying by.,The girl is holding the soccer ball.,There are hamburgers on the grill.,young couple having picnic on the background of airplane taking off.,0.056501216971084074,1.0
512,7579,7579,366,3,Scene366_3.png,The boy is near a snake.,The girl is angry.,The girl is holding a soccer ball.,The boy is scared of the snake.,The girl is holding the soccer ball.,The snake is right behind the boy.,kids playing in the garden.,1.0062770246855204e-06,1.0
513,7610,7610,574,1,Scene574_1.png,There is a dog near the slide.,The girl wants to give the boy a Hot Dog.,The boy doesn't like when it rains.,It has begun to rain on the girl.,The girl is holding a hot dog.,The dog is standing by the slide.,animated children walking with a dog.,0.09983272546930792,1.0
514,7612,7612,574,5,Scene574_5.png,The girl cooked a hotdog.,The boy won't share the ketchup.,The rain will ruin the picnic.,The girl is surprised it has started to rain.,The boy is mad that the hot dog is getting wet.,The boy has a bottle of ketchup.,family washing clothes in the garden.,3.8418093611790365e-07,1.0
515,7618,7618,574,4,Scene574_4.png,It is raining on the boy,The boy put ketchip and musturd on his hot dog.,The boy is sad.,The boy is getting rained on.,The boy is eating a hotdog.,The boy put ketchup on his hot dog.,playful girl and boy in the park vector art illustration.,0.0015385264059183045,0.0
516,7645,7645,73,9,Scene73_9.png,the bear is behind the table,The boy and the girl are running,there a cloud in the sky,The bear is scaring the boy and the girl.,The table is next to the camp fire.,There is a cloud in the sky.,children playing in the park illustration.,0.020232552812173708,1.0
517,7646,7646,73,0,Scene73_0.png,A helicopter is in sky.,A scary bear is near!,The fire is burning.,A bear is chasing away the girl and the boy.,They have left a pie by the campfire.,The campfire is by the tree.,"animated christmas tree with film character, penguins, squirrels, film character and a christmas tree house.",0.014399494571676245,1.0
518,7649,7649,73,3,Scene73_3.png,A bear came and chased the boy and the girl away.,There is a bear by the campfire.,The bear looks scary.,The girl and the boy are running from the bear.,The bear is standing at the tent.,There is a campfire made.,happy kids camping in the forest.,1.4316628360434105e-06,1.0
519,7732,7732,359,5,Scene359_5.png,The duck is beside the girl.,The girl is holding a tennis ball.,The boy is holding a tennis racket.,The boy is holding the racket.,The girl is throwing the ball.,The duck is standing by the boy.,boy and girl playing tennis in the park vector art illustration.,0.14349009086717684,1.0
520,7733,7733,359,8,Scene359_8.png,The boy wants the girl to throw the ball.,The girl wants to keep the ball.,The cat is looking at the girl.,The boy and the girl are playing tennis.,The boy has a tennis racket.,The girl has a tennis ball.,cute girl and boy playing with a dog in the park.,0.05462630317526248,1.0
521,7737,7737,359,6,Scene359_6.png,The boy is holding a tennis racquet.,The cat is sitting by the boy.,The girl is standing by a tree.,The cat is sitting near the boy.,The boy hitted the tennis ball.,The girl is standing in front of the tree.,playing tennis in the park.,0.14335648077004487,1.0
522,7752,7752,171,5,Scene171_5.png,The boy is wearing the hat.,The girl is standing next to the boy.,The bear is scaring the girl.,The girl is scared of the bear.,The boy is wearing the hat.,The bear is scaring the girl.,children playing on swings in the park.,3.200324631232416e-06,0.0
523,7754,7754,171,2,Scene171_2.png,The bear is scaring the boy and Holly.,The boy is running from the bear.,The girl is standing near the sandbox.,The boy and the girl are scared of the bear.,They are running away.,The boy and the girl did not get to eat the pie.,animals at the picnic table vector art illustration.,1.2653134539670602e-06,1.0
524,7757,7757,171,6,Scene171_6.png,There is a scary bear behind the boy.,The girl does not see the bear.,The boy wants to run away.,The girl is holding the boy's hand.,The bear is next to the tree.,The boy is trying to run.,happy kids running with a teddy bear in the forest.,0.08187504410369995,1.0
525,7836,7836,132,0,Scene132_0.png,There is an owl in the tree.,Kelly is giving her crown to the owl.,Kelly is happy to see the owl.,The girl offers her crown to the owl,The girl is standing next to a tree,The girl is looking for the boy,a girl and a tree in the woods.,0.15910498601887674,1.0
526,7837,7837,132,6,Scene132_6.png,The girl took off the crown hat she was wearing.,The green snake wanted to wear the crown hat.,The owl watched the girl hold the crown away from the green snake.,The girl has a crown with gems.,The girl is happy to see a snake.,The owl is sitting in the tree.,children playing in the park illustration.,0.01418066830766265,1.0
527,7838,7838,132,4,Scene132_4.png,The girl is pretending to be a Queen.,The owl is sitting in a big tree.,A hot air balloon floats by.,The girl is wearing a crown.,The girl is smiling at the owl.,The girl is standing near the tent.,couple in the park with parrots vector art illustration.,0.003158014887942831,1.0
528,7902,7902,675,5,Scene675_5.png,The girl is flying a kite.,The boy is holding a baseball bat.,The boy is scared of the snake.,The girl is near the boy.,A snake is near the boy.,The boy is holding a bat.,kids having fun at the park.,1.4655623189609389e-06,1.0
529,7903,7903,675,8,Scene675_8.png,The boy is holding a bat,The snake is moving towards the girl,The girl is flying a kite,The girl flies a kite.,The boy plays with a bat.,The boy and the girl see a snake.,children playing in the grass.,6.196559040119855e-07,0.0
530,7908,7908,675,4,Scene675_4.png,The girl is crying.,A snake is in front of the boy.,The boy is holding a baseball bat.,The girl is flying a kite.,The boy is wearing a baseball hat.,The boy is afraid of the snake.,cartoon boy and girl playing golf on the golf course.,0.00033597490076595825,1.0
531,7914,7914,811,2,Scene811_2.png,The dog is wearing sunglasses.,It is raining on the boy.,Lightning is coming from the cloud.,The brown dog is wearing sunglasses.,The picnic table is yellow.,There is a thunderstorm.,boy walking with dog in the park.,0.05953241626489177,1.0
532,7915,7915,811,9,Scene811_9.png,The boys is running from the rain.,The dog is wearing sunglasses.,The cloud is following the boy.,It is raining on the boy.,The boy is wearing a blue baseball hat.,The dog is sitting under an apple tree.,a man watering a hedgehog in a garden.,0.0015294392159130362,1.0
533,7919,7919,811,3,Scene811_3.png,The dog has glasses.,The disc is on the ground.,The rain is falling.,The boy is running toward the Frisbee.,The dog is wearing sunglasses.,It is starting to rain.,boy running with a dog in the park illustration.,0.08903287357563967,0.0
534,7920,7920,571,1,Scene571_1.png,The girl is sitting by the swing.,The boy is flying away.,The plane is flying overhead.,The girl fell off of the swing.,The boy is in the air.,The boy is holding the racket.,a mother swinging on a swing at playground.,0.13140138145828734,0.0
535,7921,7921,571,7,Scene571_7.png,The girl is sitting on the ground.,There is lightning in the cloud.,There is a hamburger on the table.,The girl is sad and sitting.,A beach ball is near the boy.,A burger is on the table.,children playing in the park illustration.,0.009850922689950917,1.0
536,7929,7929,571,3,Scene571_3.png,The girl sits on the ground,The boy is in front of the tree,There's a frisbee beside the girl,The girl fell on the ground.,The boy is running to the girl.,The Frisbee is next to the girl.,boy and girl playing kite in the park vector art illustration.,0.0064549802149364045,1.0
537,7940,7940,103,1,Scene103_1.png,The girl fell down by the campfire crying.,The boy places the baseball glove over the fire.,The campfire burns in front of the tent.,The girl is crying.,The boy looks mad.,The girl and the boy are by a fire.,couple camping in the forest vector art illustration.,0.0018681458084426634,1.0
538,7941,7941,103,7,Scene103_7.png,The girl fell off the swing.,The owl is on the swing set.,The boy is standing next to the fire.,The girl is crying because she has fallen to the ground.,The boy is trying to warm his baseball glove over the fire.,The owl is sitting on the swingset watching the boy and the girl.,children playing in the park illustration.,1.7752648546736093e-06,1.0
539,7947,7947,103,6,Scene103_6.png,The girl is scared,The boy is next to the fire,The girl has on a baseball hat,A tearful the girl fell down by the campfire.,A worried the boy holds the baseball glove.,The campfire is burning between the boy and the girl.,boy and girl playing a game of fire.,0.11389158147801141,1.0
540,7983,7983,725,8,Scene725_8.png,The girl is kicking the boy.,The boy is trying to cook something.,A sad cat is watching this.,A cat is sitting on the picnic table.,The boy is wearing a chef hat.,The girl is kicking her leg.,a cartoon illustration of a family having barbecue.,0.0010189334067442725,0.0
541,7986,7986,725,0,Scene725_0.png,The girl kicked the boy down.,The boy and the girl are angry at each other.,The girl is wearing a cap.,The girl is wearing a hat with a star on it.,There is a grill to cook by the girl.,There is some mustard near the grill.,girl playing with a barbecue.,0.06018254478356053,1.0
542,7989,7989,725,3,Scene725_3.png,Hamburgers are on the grill.,The girl is kicking at the sandbox.,The boy is angry and wearing a hat.,The boy is wearing a chef hat,The boy sits beside a sandbox,The girl is beside the boy,a vector illustration of happy boy and girl cooking meat in the barbecue.,0.007712163112754207,1.0
543,8020,8020,534,1,Scene534_1.png,The boy gestures towards the hamburger patties on the grill.,There is a cola and ketchup on a yellow picnic table.,The boy is wearing a pirate hat.,The boy is cooking hamburgers.,There is ketchup on the table.,It is cloudy today.,a boy cooks barbecue on the barbecue grill.,0.04538298395969008,1.0
544,8022,8022,534,5,Scene534_5.png,The boy is making food on the grill.,The dog wants to play fetch.,The boy is wearing sunglasses.,A dog is in the grass.,The boy is standing by a grill.,A tennis ball is in the grass.,dog playing with a ball.,0.13574029046902789,1.0
545,8027,8027,534,6,Scene534_6.png,The boy is wearing a pirate hat.,The boy is barbecuing something.,A helicopter is flying overhead.,A helicopter is in the sky.,The boy is wearing a pirate cap.,There are three hamburgers on the grill.,boy cutting meat in the park.,0.011826397828914923,1.0
546,8052,8052,625,5,Scene625_5.png,The girl is holding a baseball bat and a soda.,The boy is holding a mitt.,The helicopter is hovering above the boy.,A helicopter is flying over the park.,The girl is running with a baseball bat.,The boy has on a baseball mitt.,happy boy and girl throwing paper airplane on the sky background.,0.007652926747840232,0.0
547,8058,8058,625,4,Scene625_4.png,The boy had a baseball mitt.,The girl had a baseball bat.,The owl watch them play baseball.,The boy is scared of the owl.,The girl wants to play baseball.,An owl has startled the boy.,cartoon boy and girl having fun in the park.,0.000314078141916106,0.0
548,8059,8059,625,3,Scene625_3.png,There is a bear by the boy and the girl.,It is sunny outside.,The boy and the girl are playing baseball.,A scary bear is in the park!,The girl has a baseball bat.,The boy has a baseball glove.,children and animals at the park.,0.08300209240511142,1.0
549,8062,8062,820,5,Scene820_5.png,The boy is about to be hit by lightning.,He is wearing a chef hat.,An owl is watching this.,The boy is wearing a chef hat.,The boy talks to an owl at the campsite.,The boy dose not know that a lightning storm is going to ruin his camping trip.,cartoon illustration of a girl holding a hot air balloon in the forest.,0.0016613088779701638,1.0
550,8063,8063,820,8,Scene820_8.png,Rain is coming out of the cloud.,The boy is wearing a chef hat.,The boy is sitting on the ground.,It is raining in the park.,The boy is wearing a chef hat.,An owl is looking at the boy.,boy and girl walking in the park.,0.1498054012965418,0.0
551,8065,8065,820,9,Scene820_9.png,The owl is wearing a hat.,The boy is waving at the owl.,The boy is standing near the grill.,The boy does not like lightening.,There is food on the grill.,The wind is blowing the swings.,a father throws a barbecue on a grill.,0.18625491056557042,1.0
552,8283,8283,531,8,Scene531_8.png,The boy is wearing a crown.,The girl is sad and wants to wear the crown.,The boy is happy to give the girl the crown.,The girl is wearing the hat.,The boy is wearing the crown.,The girl is sitting by the tree.,boy and girl playing in the woods.,0.00443145630272618,1.0
553,8285,8285,531,9,Scene531_9.png,The boy and the girl are sitting down,The sun is behind the boy,The dog is looking at the boy,The boy and the girl are playing at the park today.,The girl is sad because they don't have a ball.,The clouds are floating by the sun.,girl playing with dog in the park illustration.,0.1308167941521939,1.0
554,8289,8289,531,3,Scene531_3.png,The boy and the girl are sitting down,The boy is wearing a blue cap,The dog is next to the boy,The boy is wearing a hat with a star on it.,A brown dog is standing near the boy.,The girl is wearing a pink dress.,child with dog and dog in the park vector art illustration.,0.09218730356043287,0.0
555,8350,8350,32,1,Scene32_1.png,The boy runs over to the girl.,The girl is holding a pie.,The tree is next to the boy.,The girl is carrying a pie.,The boy is wearing a hat.,The girl is smiling at the boy.,a mother and her children playing soccer in a park.,0.0055423475247282,1.0
556,8351,8351,32,7,Scene32_7.png,The girl got the boy a pie.,The girl got the boy new hats.,The girl is wearing a hat.,The girl is holding a pie,The girl is wearing a spinny hat,There's a pirate hat beside the girl,cartoon illustration of a family picnic.,0.0028826774098297267,1.0
557,8358,8358,32,4,Scene32_4.png,The girl brought a pie for the boy.,The girl is wearing a colorful hat.,The owl is in the tree.,The girl has baked a pie.,The boy loves to eat pie.,The owl sits in the tree.,the child is sitting on the green grass.,9.021113155017415e-06,1.0
558,8363,8363,221,8,Scene221_8.png,The boy is waving to the dog.,The owl is in the tree.,The boy is standing by the trees.,An owl is sitting in the tree.,It is a sunny day.,The boy is happy to see the dog.,a man walks his dog in the park.,0.08727595735695441,1.0
559,8365,8365,221,9,Scene221_9.png,The boy is playing with the dog.,The boy is standing next to the dog.,The owl is in the tree.,An owl is sitting in a tree.,The boy is yelling at the dog.,The dog is smiling at the boy.,boy feeding birds on the park vector art illustration.,0.00022517575397615095,1.0
560,8366,8366,221,0,Scene221_0.png,The boy is running to the dog.,An owl is sitting behind the boy.,An airplane is flying.,The boy is watching the plane fly by.,The boy is standing by an owl.,The dog is looking at the owl.,boy running with a dog in the park vector art illustration.,0.09827553762595331,0.0
561,8381,8381,987,7,Scene987_7.png,It it raining.,There is a thunderstorm.,The bear roars at the girl.,The girl is holding a baseball bat.,The girl is scared of the bear.,There is a thunderstorm happening.,children playing on swings at the playground.,0.017205871399196486,1.0
562,8382,8382,987,5,Scene987_5.png,The girl has a bat.,The girl is wearing a hat.,The bear is looking at the girl.,The girl is wearing the hat.,The girl is holding the bat.,The bear is scaring the girl.,a vector illustration of a bear holding a teddy bear in his arms.,0.13364483188861906,0.0
563,8384,8384,987,2,Scene987_2.png,It is starting to rain on the girl.,The bear throws his arms up at the girl.,The girl is holding a bat.,An airplane is flying over head.,A bear tries to scare the girl.,The girl is mad the bear tried to scare her.,animation film with a tiger.,0.0005336003434784082,0.0
564,8423,8423,47,8,Scene47_8.png,The cat watches the boy and the girl.,The boy and the girl are playing with the ball.,The shining sun is pretty.,The boy dropped the tennis ball.,The girl is happy to see the boy.,The cat is watching the girl.,children playing in the park on a sunny day.,0.040095397455135455,1.0
565,8425,8425,47,9,Scene47_9.png,The girl wants to play football.,The boy wants to play tennis.,The cat is listening to the argument.,The girl is very happy.,The boy is shock.,A cat is near the boy.,happy family playing football on the grass.,0.1261233941508907,0.0
566,8427,8427,47,6,Scene47_6.png,The boy has a basketball.,The girl is holding a cat.,The girl is under the sun.,The boy has a basketball.,A cloud is in the sky.,The girl wants the basketball.,kids playing basketball on a green screen in the park.,0.33343401688986024,1.0
567,8523,8523,107,8,Scene107_8.png,The snake is close to the girl.,The boy is running to the girl.,The girl is near the swings.,The girl is waving the boy over.,The girl is by the swings.,There is a snake by the girl.,children playing soccer on the lawn.,2.184005401180054e-06,1.0
568,8525,8525,107,9,Scene107_9.png,The snake is slittering away from the girl.,The boy is running toward the girl.,The sun is in the sky.,The snake is beside the swing set.,The boy is happy  but the girl is crying.,The cat is watching the snake.,playtime at the park with your kids.,1.3646304004895583e-06,1.0
569,8527,8527,107,6,Scene107_6.png,The boy is running after the snake.,The girl is cheering for the boy.,The girl is in front of the swings.,The girl is standing near the swings.,The boy is running through the park to play with the girl.,There is a snake near the swingset. Watch out the boy and the girl!,boy and girl playing on swings in the park vector art illustration.,0.1881680681253794,1.0
570,8556,8556,857,0,Scene857_0.png,The boy is swinging on a swing set.,The boy really wants the mustard.,The boy and the girl are playing outside.,The boy is playing on the swings.,The boy is eating a hamburger.,The girl is holding the mustard.,playground for kids in the park illustration.,1.0759558674182482e-06,0.0
571,8557,8557,857,6,Scene857_6.png,The boy is sitting on the swing.,The boy is holding a hamburger.,The girl is holding mustard.,The girl is wearing a baseball cap.,The girl is holding mustard.,The boy is playing on a swing.,kids playing in the swing.,0.33866230329126756,1.0
572,8558,8558,857,4,Scene857_4.png,The girl holds the mustard,JENNY IS IN FRONT OF mIKE,mIKE IS IN FRONT OF THE CAT,The boy swings on the swing set.,The girl wears a yellow crown.,The boy wears a blue hat.,father and child on swing in the park.,0.05289833258455001,0.0
573,8582,8582,564,5,Scene564_5.png,The boy has a baseball bat.,The boy is chasing the snake.,The girl is wearing pink.,The boy is mad at the snake.,The girl is running from the snake.,The boy is holding a bat.,children playing on the lawn.,9.121119992664143e-07,0.0
574,8587,8587,564,6,Scene564_6.png,The girl and the boy were walking through the field when a snake came out of nowhere.,The girl got scared and began to run.,The boy  used a secret charm to scare the snake away.,A green snake is scaring the boy and the girl.,The girl is running away from the snake.,The boy is wearing sunglasses.,how to draw a happy girl with a skipping rope.,0.0030747736738130005,0.0
575,8589,8589,564,3,Scene564_3.png,The helicopter scares the girl.,The boy wants the snake to leave.,The girl is running away from the snake.,Three balls are on the ground.,The girl is running away.,The boy is scared of the snake.,boy and girl playing football in the park vector art illustration.,0.0002938621133819477,1.0
576,8590,8590,651,1,Scene651_1.png,The bear is holding a hamburger,The girl is waving at the bear,The boy is wearing a rainbow hat,The boy is very shocked.,The girl is near a bear.,A beach-ball is in the grass.,children playing in the forest.,0.008158011454953281,1.0
577,8591,8591,651,7,Scene651_7.png,The girl and the boy are excited.,The space ship is taking off.,A duck and a dog are coming.,There is a rocket in the sky.,The duck and dog are watching each other.,The girl is raising her hands in the air.,boy and girl with dog on the meadow.,0.039241868162486905,1.0
578,8593,8593,651,8,Scene651_8.png,The girl wants the boy to throw her the ball.,A hot air balloon is in the distance.,The boy's surprised no one is using the swings.,The girl threw the beachball at the boy's head.,The boy is upset with the girl.,The girl is sitting by the swingset.,family playing on a swing.,0.0,1.0
579,8621,8621,519,7,Scene519_7.png,A duck is in the sandbox.,The boy and the girl are playing with the beach ball.,The sun is shining brightly.,The boy is very happy.,The girl is very happy with the boy.,A duck is in a sand-box.,young boy and girl flying a plane at the airport.,0.010278492752094656,0.0
580,8622,8622,519,5,Scene519_5.png,The girl is holding a beach ball.,A bird is sitting in the sandbox.,The boy is getting ready to catch the ball.,The boy wants the beach ball.,The girl is holding a beach ball.,An airplane is flying above the boy and the girl.,boy and girl playing with a kite.,0.007255614823266976,1.0
581,8626,8626,519,0,Scene519_0.png,The girl throws the beach ball to the boy.,A plane flies over the boy and the girl.,The duck is in the sandbox.,The girl will catch the beach ball.,The boy threw the beach ball to the girl.,The boy and the girl are playing catch.,family having fun in the park vector art illustration.,0.009986854643826964,1.0
582,8651,8651,856,7,Scene856_7.png,The girl is flying a kite.,The boy is holding a basketball.,There is a snake leaving.,The girl is flying a kite.,The boy is tossing a basketball.,The snake is slithering away.,boy and girl playing golf in the park.,0.00033404857549671315,1.0
583,8652,8652,856,5,Scene856_5.png,The girl is throwing the ball.,The boy is catching the ball.,The air plane is flying in the sky.,The girl is flying the kite.,The boy is throwing the ball.,The air plane is flying in the sky.,family flying a kite in the sky.,0.39957325752824424,1.0
584,8656,8656,856,0,Scene856_0.png,The boy is jumping up and down.,The girl is flying a kite.,A blue duck is chasing the girl.,The girl is playing with a kite,The girl is standing next to a duck,The boy is waving his arms at the girl,animation of kids holding balloons in the park.,3.852255791931733e-07,1.0
585,8662,8662,96,5,Scene96_5.png,A pail is under the tree.,The hot dog is on the table.,The girl is happy to see pizza.,The hotdog is on the table.,The girl sees the pizza on the table.,A bucket of sand is under the tree.,children playing in the park.,1.8514036641264179e-06,0.0
586,8663,8663,96,8,Scene96_8.png,The girl is by the sandbox.,There is a hotdog on the table.,There is a pizza on the table.,The girl is waving.,The pizza and the hot dog are on the table.,No one is playing in the sandbox today.,girl playing on the playground with sand.,0.047518995583352056,0.0
587,8669,8669,96,3,Scene96_3.png,The girl is standing next to the table.,The table has a hot dog and a pizza on it.,The girl is wearing a chef hat.,The girl is wearing sunglasses.,The pizza is near the hot dog on the table.,The helicopter is flying over the girl.,woman in a kitchen utensils.,0.001086827083703112,1.0
588,8682,8682,245,5,Scene245_5.png,The girl is holding balloons.,The boy is jumping up and down.,The girl likes to play on the swings.,The girl has balloons to share.,The boy is happy to see the girl.,The boy stands next to the swings.,family jumping in a swing.,0.08653665497001156,0.0
589,8686,8686,245,0,Scene245_0.png,The dog has run away with the balloons.,The girl is upset at the dog.,The boy chases after the dog.,The dog took the balloons.,The boy runs after the dog.,The girl calls to the dog.,children playing at the playground with toys vector art illustration.,0.032583036672954147,1.0
590,8687,8687,245,6,Scene245_6.png,The boy is wearing a baseball hat.,The boy's balloons are floating away!,The boy is going to chase his balloons.,The boy is wearing blue shorts,The boy is in front of the swing set,The boy is chasing the baloons,boy playing on a swing in the park.,0.07958793160208165,1.0
591,8704,8704,65,2,Scene65_2.png,The boy and the girl plays in the sand.,The girl is excited to see a plane.,The boy is scared of the lightning.,The boy is in the sandbox,The girl is in the sandbox,A airplane is flying behind the boy and the girl,kids playing in a plane.,0.1883635077503763,0.0
592,8707,8707,65,6,Scene65_6.png,Lightning is striking the plane.,The duck is eating the hameburger.,The boy is shocked.,A duck is eating a hamburger.,A plane is struck by lightning.,The girl cheers for the boy who is meditating.,girl and boy running to the plane.,0.16842277713139991,1.0
593,8709,8709,65,3,Scene65_3.png,The boy is sitting beneath a tree.,The girl is jumping on the grass.,An owl is above the boy.,The girl was doing jumping jacks.,The boy sat and watch the airplane.,The cloud had lighting and it scared the owl.,boy jumping on the grass in the park.,0.7058608413835433,1.0
594,8713,8713,512,8,Scene512_8.png,The girl is swinging.,The boy is jumping.,The boy is standing by the tree.,The girl is on the swing.,The boy is looking at the girl.,The girl is smiling at the boy.,child swinging on a swing.,0.27557150052123797,1.0
595,8714,8714,512,2,Scene512_2.png,The girl is on a swing.,The boy is wearing purple glasses.,There is a pie  sitting on the ground.,The girl is swinging.,The boy is having a snack.,The boy and the girl are having fun.,children playing on the playground.,0.020501941368439112,0.0
596,8715,8715,512,9,Scene512_9.png,The girl is on the swing.,The boy is pushing the girl.,The girl is swinging really fast.,The girl is in a swing set.,The boy is near the girl.,The boy is very happy.,boy and girl playing on a swing in the park vector art illustration.,0.1915317559909735,1.0
597,8741,8741,518,7,Scene518_7.png,A bear is trying to scare the cat.,The boy and the girl have put up a tent in the park.,The cat is not scared by the brown bear.,The bear is trying to scare the cat.,The cat is sitting in front of the tent.,Today is a cloudy day.,bear and cat in the forest.,0.23779736678375862,1.0
598,8747,8747,518,6,Scene518_6.png,The bear is wearing sunglasses.,The cat is sitting on the spring toy.,The spring toy is next to the sandbox.,A hot air balloon is floating by.,An orange cat is sitting on a bee toy.,A bear is wearing sunglasses.,tv genre flying in the vector art illustration.,2.3272674969786902e-07,0.0
599,8749,8749,518,3,Scene518_3.png,The bear is wearing sunglasses.,The bear is wearing a pirate hat.,The cat is sitting on the table.,The bear tries to scare the cat.,The bear stole the boy's pirate hat.,The cat is not scared of the bear.,black cat playing at the park vector art illustration.,0.08323091388459528,1.0
600,8782,8782,682,5,Scene682_5.png,The boy is playing Frisbee with a dog.,The boy is standing next to a sandbox.,The dog is standing next to the slide.,The dog has a Frisbee.,There is a basketball in the sandbox.,The boy is standing by the sandbox.,animated dinosaurs walking on a wooden bench in the park.,0.007829563583975133,1.0
601,8787,8787,682,6,Scene682_6.png,The basketball is in the sandbox.,The boy is waving his arms in the air.,The dog is near the basketball.,There are two balls in the sandbox.,The dog is looking at the ball.,The boy is standing beside the dog.,boy and dog on the farm.,0.07794786388159966,1.0
602,8788,8788,682,4,Scene682_4.png,The boy is jumping into the air.,There are two balls in the sandbox.,The dog is beside the sandbox.,There are toys in the sandbox.,The dog is watching the boy.,The boy is jumping up and down.,happy boy playing soccer with a wooden soccer ball in the park.,0.01307373822830936,1.0
603,8801,8801,763,7,Scene763_7.png,There is a bear behind the tree,The girl is wearing sunglasses,The boy is pretending to growl like a bear,The boy is mad at the girl.,The girl is laughing at the boy.,The bear is trying to be sneaky.,kids playing in the tent.,1.2686425959323047e-06,1.0
604,8803,8803,763,8,Scene763_8.png,The boy is scared of the bear,The girl doesn't notice the bear,The bear is growling,The boy is wearing a colorful hat.,The boy and the girl are holding hands.,The bear is getting no attention.,funny bear with kids on the meadow.,0.08186943817799884,1.0
605,8808,8808,763,4,Scene763_4.png,A bear is trying to scare the boy.,The girl is happy that she is wearing sunglasses.,The boy is holding a bat.,The boy is holding a baseball bat.,The girl is sitting on the grass.,There is a bear behind the tree.,children playing in the forest.,9.57309251536813e-07,1.0
606,8820,8820,286,1,Scene286_1.png,The girl tried to throw the boy the ball.,The dog had the Frisbee in this mouth.,The boy had on a whirligig hat.,The girl is angry because the plane is flying over.,The boy is wearing a silly hat.,The boy is playing frisbee with the dog.,family of flies flying around the park.,0.024316867120579018,0.0
607,8823,8823,286,8,Scene286_8.png,There is a big plane in the sky.,The dog is holding the frisbee.,There is a baseball on the ground.,A dog is holding a frisbee.,A baseball is on the ground.,The girl is mad at the dog.,woman flying with a kite in the sky vector art illustration.,0.03805037576500156,0.0
608,8826,8826,286,0,Scene286_0.png,The dog is bringing the boy a frisbee.,The girl is playing with a baseball.,The boy is drinking his soda.,The boy is sitting under the apple tree,The girl is trying to hit the plane with a ball,Dog wishes someone would play frisbee with him,children playing in a plane.,0.10577149296333148,1.0
609,8906,8906,474,0,Scene474_0.png,The boy is handing the girl is pie.,The boy is wearing a baker's hat.,The girl is wearing sunglasses.,The boy is holding the pie.,The boy is wearing the hat.,The girl is wearing sun glasses.,cute couple holding hands and looking at each other.,0.02028154168471579,1.0
610,8908,8908,474,4,Scene474_4.png,The boy has baked a pie.,The girl is happy to try some pie.,The duck wants some pie too.,The girl runs to get the pie,The boy is wearing a chef hat,There's a duck between the boy and the girl,children having fun in the sun.,7.358941784673841e-07,1.0
611,8909,8909,474,3,Scene474_3.png,The boy is wearing a chefs hat,The boy made a pie for the girl,The girl is running towards the boy for his pie,The girl has a tennis racket.,The girl is running to the boy.,The boy has a cherry pie.,playing golf in the park vector art illustration.,7.415325506060612e-07,1.0
612,8917,8917,851,6,Scene851_6.png,The girl is on the swings.,The boy is sitting on the ground.,The dog is near the boy.,The girl is playing on the swings.,The boy is sitting in the grass.,The rocket ship is flying in the sky.,kids playing in the park vector art illustration.,0.04988200950013456,0.0
613,8918,8918,851,4,Scene851_4.png,The girl is on the swing.,The boy can't find his Frisbee.,The rocket flew up into the sky.,The girl is on the swing.,The boy is sitting in the grass.,The boy is afraid that the girl will kick him.,children swinging on the swings.,0.04362006692561974,1.0
614,8919,8919,851,3,Scene851_3.png,The boy is wearing a Viking helmet.,The boy is sitting on the ground.,The girl is on the swingset.,The girl is on the swing.,The girl is wearing glasses.,The boy is sitting alone in the grass.,children riding a stroller on the grass.,0.10073818523684024,0.0
615,8971,8971,537,7,Scene537_7.png,The girl through the football into the tree.,The boy is angry at the girl.,The football is stuck in the tree.,The boy is running angrily towards the girl.,The girl is waving to the boy.,There is a single cloud in the sky.,children and a dinosaur in the park illustration.,0.013473898226425307,1.0
616,8974,8974,537,2,Scene537_2.png,The boy and the girl are mad at eachother.,They are still playing fotoball together.,They are wearing silly hats.,The girl is wearing a red a gray hat.,The boy is wearing a pirate hat.,The boy is catching the football.,cheerful girls running with football on the field.,0.044962642654286566,1.0
617,8975,8975,537,9,Scene537_9.png,The boy is mad when the girl took his football.,The girl throws the football to the boy when he gets mad at her.,The dog tries to take the tennis ball when the boy gets mad at the girl.,The boy is wearing the hat.,The girl is throwing the ball.,The dog is standing by the ball.,cute girl playing with dog in the park.,0.04836586098052583,1.0
618,9000,9000,470,1,Scene470_1.png,The bear is trying to scare the boy and the girl.,The girl is crying.,The balloons are flying up.,The girl is sad because the ballons flew away.,The boy is standing by the picnic table.,There are ripe apples on the tree.,kids having fun in the park vector art illustration.,8.45070541051267e-07,0.0
619,9002,9002,470,5,Scene470_5.png,A bear is scaring the boy and Kelly.,Kelly is sitting on the picnic table.,The boy is angry at the bear.,The girl is sad the ballons are flying away.,The boy is angry at the bear.,The girl has a hotdog.,children playing with a bear vector art illustration.,0.07789939756680794,1.0
620,9003,9003,470,8,Scene470_8.png,The girl is on the table,The bear is next to the tree,The girl is wearing a pink dress,The girl is crying at the picnic table.,The bear is coming up behind the girl.,The balloons are floating by the tree.,animated tv program sitting on the grass with a teddy bear.,0.06351828494442606,1.0
621,9131,9131,195,7,Scene195_7.png,The boy offers the girl a pirate hat,The girl is wearing a crown,The boy is wearing a spinny hat,The girl is wearing a crown.,The boy is wearing a whirlygig cap.,The boy is holding a pirates hat.,children and tree with rainbow.,0.0,1.0
622,9133,9133,195,8,Scene195_8.png,The owl is on the girl's hand.,The boy is wearing a crown.,The girl is wearing a pirate hat.,The boy has a crown.,The girl has a pirate hat.,The girl is holding an owl.,cartoon man playing golf on a sunny day.,0.011950766855551452,1.0
623,9137,9137,195,6,Scene195_6.png,The girl and the boy are dancing.,The girl is wearing a pirate hat.,The boy is wearing a witch's hat.,The boy and the girl are having fun at the park together.,The boy is wearing a witch hat.,The girl is wearing a pirate hat.,boy and girl playing in the forest vector art illustration.,0.0050819162047841685,1.0
624,9140,9140,860,1,Scene860_1.png,The boy is wearing sunglasses.,The girl kicked the ball.,The boy and the girl love helicopters.,A helicopter is flying in the sky.,The basketball is between the boy and the girl.,The boy is wearing sunglasses.,boys and a girl playing basketball on a summer day.,0.09356573087574636,1.0
625,9144,9144,860,2,Scene860_2.png,The boy is kicking a baseball.,The girl is holding a bucket.,The girl is running towards the boy.,The boy is very happy.,The girl is very happy.,The girl is holding a bucket.,family walking in the park vector art illustration.,2.2455701380924084e-07,1.0
626,9148,9148,860,4,Scene860_4.png,The boy is holding a soccer ball.,The girl is running toward the boy.,The sun is in the sky.,The boy has a soccer ball.,The dog is behind the boy.,The riding toy is behind the girl.,children playing football on the field.,1.2514365191949466e-06,1.0
627,9200,9200,148,1,Scene148_1.png,Rain is falling from the cloud.,The airplane is flying towards the cloud.,The boy and the girl are by a tent.,Rain is falling on the tent.,The girl and the boy are standing by the tent.,A plane is flying over the girl's head.,animated white and green grass on a blue background.,0.012039424883235936,1.0
628,9202,9202,148,5,Scene148_5.png,The boy is wearing a funny hat.,The boy and Kelly are camping.,It's raining outside.,The girl is happy it is raining out.,The owl sit high in the tree.,The boy has on a silly hat.,children playing in the rainforest.,0.006932235486346068,0.0
629,9209,9209,148,3,Scene148_3.png,The boy is sitting near a tent.,It is raining on the girl and the boy.,An airplane is in the sky.,An airplane flies above the girl and the boy.,The boy sits outside the tent in the rain.,The girl waves at the boy.,boy and girl playing in the rain in the park.,0.160889084882184,1.0
630,9220,9220,352,1,Scene352_1.png,The boy is busy playing.,A big bear is scaring the girl.,The girl wants to save her pie.,The bear is scaring the girl.,The girl has a pie.,The boy is wearing a witch hat.,family of bears dancing in the forest.,3.3637274521747644e-07,0.0
631,9223,9223,352,8,Scene352_8.png,The bear is roaring at the girl.,The boy is running from the bear.,The dog is in front of the bear.,The girl's hands are in the air.,The boy is running from the bear.,A bear is trying to scare the girl.,how to draw a bear for kids.,0.1517713968296588,1.0
632,9224,9224,352,2,Scene352_2.png,The happy dog sniffs the screaming bear.,The boy is running in front of the tent.,The girl is worried and raises her arms.,The dog is standing by the bear.,The boy and the girl are scared.,The boy is by the tent.,children playing in the field illustration.,0.004431882413712195,1.0
633,9270,9270,180,1,Scene180_1.png,The girl is kicking the ball.,The boy is catching the ball.,The boy is standing by the slide.,A pretty hot air balloon floats by.,The boy is trying to teach the girl how to kick.,The girl has never kicked a soccer ball.,animated tv program on a football field.,0.00021243032258779846,1.0
634,9272,9272,180,5,Scene180_5.png,The boy is upset because the girl is mad and leaving.,The girl is mad and kicks her hat and tennis racquet away.,The boy tells the girl to stay but she stomps away mad.,A hot air balloon is flying.,The girl is near the the swings.,The boy is holding both arms up.,boy and girl playing golf in the park vector art illustration.,0.006036776081529109,1.0
635,9279,9279,180,3,Scene180_3.png,The boy and the girl are playing with the soccer ball.,There is an owl in the tree.,The cat is sitting under the tree.,An owl watches the boy and the girl play.,The girl kicked the soccer ball the wrong way.,The boy worries he won't be able to catch the ball.,children playing football in the park on a sunny day.,0.0399519107692409,1.0
636,9341,9341,165,7,Scene165_7.png,The boy is sad because it's raining on him.,The girl watches a rocket fly by.,The boy is holding a wet hotdog.,The boy is holding a hot dog.,The girl is watching the rocket take off.,The boy is getting rained on.,children playing in the park vector art illustration.,1.3677327354100856e-07,1.0
637,9347,9347,165,6,Scene165_6.png,It is raining on the boy and the girl's BBQ.,The girl sees a rocketship.,The boy is sad he dropped his pie.,The girl waved to the rocket ship.,The boy baked a pie.,The rain fell on the hotdogs.,mother and daughter cooking in the kitchen.,0.00238742842007656,1.0
638,9348,9348,165,4,Scene165_4.png,It's raining on the boy and his hot dog.,The girl is excited to see a rocket.,The barbecue grill is getting rained on.,The girl sees a rocket ship.,The boy is holding a hotdog.,The boy is sad it is raining.,kids jumping in the rain.,2.8377998538678295e-07,0.0
639,9550,9550,570,1,Scene570_1.png,The boy hs stepped on the fire.,The girl is running too help the boy.,The boy is holding a hot dog.,The boy sitting at the fire with a hot dog.,The girl is near the tree.,The girl is running towards the boy.,boys playing soccer in the park vector art illustration.,1.0883308108156425e-06,1.0
640,9555,9555,570,9,Scene570_9.png,The boy is sitting on the ground.,The girl is running towards the boy.,The boy is holding a hot dog.,The boy is enjoying a hotdog with mustard.,The girl is running toward the boy.,The boy is sitting by the campfire.,boy sitting near the fire in the park.,0.04677957330437128,1.0
641,9559,9559,570,3,Scene570_3.png,The girl is holding a baseball bat.,The boy is sitting by a fire.,The boy is holding a hot dog.,The girl is holding a baseball bat.,The boy is wearing a blue hat.,The boy is holding a hotdog.,children in the summer sun.,0.0,1.0
642,9590,9590,617,1,Scene617_1.png,The boy throws the football at the girl.,The girl is afraid of the football.,The dog wants to play on the swings.,The boy is wearing a baseball cap.,The girl and the boy are playing football.,The swing set has two swings.,boy and girl playing with a dog in the park vector art illustration.,0.05153099003946654,0.0
643,9592,9592,617,5,Scene617_5.png,The girl is kicking a foot ball.,The boy is near a dog.,The boy is going to catch the foot ball.,The girl is kicking the football to the boy.,The boy is getting ready to catch the football.,The dog is watching the girl and the boy.,kids playing with dog on the lawn.,0.05979387064433944,1.0
644,9594,9594,617,2,Scene617_2.png,The boy is catching the ball.,The dog is next to the slide.,The girl is really happy.,The boy and the girl are at the park.,The girl throws the ball to the boy.,The boy jumps to catch the ball.,animated tv program in the garden.,1.5878627006095604e-06,1.0
645,9663,9663,779,8,Scene779_8.png,The girl let her balloons go into the sky.,The boy is sad that the girl lost the balloons.,The girl is running to try and catch the balloons.,The balloons are floating away.,The boy and the girl are cooking outside.,The girl is scared of the fire.,a boy and girl having fun playing in the grass with fire.,0.14565127103594885,1.0
646,9665,9665,779,9,Scene779_9.png,The girl has let go of her balloons.,The balloons float up into the sky.,The boy tells the girl to come home.,The boy is very sad.,The girl is very surprised.,The girl is near balloons.,girl flying with a kite in the park.,0.0003438344764637331,1.0
647,9668,9668,779,4,Scene779_4.png,The boy and the girl wave at the rocket.,The girl has a pirate hat.,The boy has a hat with horns.,The girl's balloons are getting away.,The boy threw a rocket up into the air.,The girl wore her pirate hat to the park today.,boys playing on the beach vector art illustration.,5.931964943204663e-07,1.0
648,9710,9710,572,1,Scene572_1.png,The rocket is sailing up into the sky.,The girl is holding the owl.,The boy is sitting on the bounce ride.,The boy is sitting on the bumblebee.,The girl is holding the owl.,The rocket is taking off.,children playing on the beach vector art illustration.,0.010846779847631282,0.0
649,9713,9713,572,8,Scene572_8.png,The girl is holding an owl.,The boy is sitting on the bee.,The girl is wearing a hat.,The boy is playing on the bubble bee.,The boy is sad that the girl is standing on his legs.,The cat is watching the owl.,a boy and a girl playing video games together.,0.020002898835528752,1.0
650,9715,9715,572,9,Scene572_9.png,The girl has an owl on her head.,A rocketship is flying in the sky.,The boy thinks the girl is silly.,A brown owl sits on the girl's head.,A tiny rocket ship blasts off above the girl.,The boy is sitting on the bumblebee ride.,children flying with a piggy bank and a worm.,0.01417346699663034,1.0
651,9751,9751,803,7,Scene803_7.png,A dog is hiding behind a tree.,The boy has a hot dog.,The girl is waving at the boy.,The boy is eating a hotdog.,The dog is hiding behind the tree.,The boy and the girl are standing in front of a tent.,boy and girl standing in front of tent.,0.4328288344288548,1.0
652,9755,9755,803,9,Scene803_9.png,The boy has a hot dog.,The girl is playing with the dog.,It is starting to rain on the grill.,The boy is eating a hot dog.,The girl is smiling at the dog.,The girl is sitting on the ground.,family picnic in the nature.,1.3533516548290464e-06,1.0
653,9756,9756,803,0,Scene803_0.png,The girl is sitting on the ground.,The girl is wearing a hat.,The boy is holding a hot dog.,The girl is wearing the hat.,The boy is holding the hot dog.,The girl is sitting by the pit.,a boy and girl having barbecue on the grass.,0.029673123070136295,0.0
654,9820,9820,804,1,Scene804_1.png,The owl is on the airplane.,The boy threw the beach ball.,The girl is going to hit the ball.,The owl is standing on the airplane.,The girl is holding a tennis racquet.,The boy is waving at the girl.,family playing golf together in the park.,1.3113244751751042e-06,0.0
655,9821,9821,804,7,Scene804_7.png,There is an airplane in the sky.,The girl is holding a tennis racquet.,The boy threw the beach ball to the girl.,The boy is very happy.,The girl is holding a rack.,The boy is near a apple tree.,boy flying in the park vector art illustration.,0.008109283494285975,1.0
656,9827,9827,804,6,Scene804_6.png,There is an owl on the plane.,The boy is holding a tennis racket.,The girl is throwing a ball.,The girl is holding a beach ball.,The boy is holding a tennis racket.,The boy is wearing purple sunglasses.,a girl playing tennis with her friends.,0.21093241524863082,1.0
657,9830,9830,815,1,Scene815_1.png,The girl is holding balloons.,The boy has a bat in his hand.,There is a snake on the ground.,The boy is wearing a pirate hat.,The girl is wearing a crown.,The girl kicked the football.,cartoon boy and girl playing cricket in the field.,0.010147622449721314,1.0
658,9832,9832,815,5,Scene815_5.png,The girl is kicking the ball.,The girl is wearing a crown.,The boy is wearing a pirate hat.,The girl is kicking a football.,The boy is wearing a pirate hat.,The girl is wearing a crown.,girl running with a football.,0.20493504433147297,1.0
659,9839,9839,815,3,Scene815_3.png,The girl kicked the football hard.,The boy laughed at the girl.,The boy had on a pirates hat.,The boy is wearing a pirate hat.,The girl is wearing a crown.,The girl kicked the ball to the boy.,cheerful young football players kicking the ball up in the air.,0.05981038851914057,1.0
660,9852,9852,513,5,Scene513_5.png,The boy doesn't want to play frisbee.,The girl wants the boy to play with her.,The girl and the boy are angry today.,The boy and the girl both look angry.,The girl is throwing a frisbie.,The boy is waiting to catch the frisbie.,boy and girl playing in the park illustration.,0.009336011969360722,1.0
661,9858,9858,513,4,Scene513_4.png,It is a very sunny day in the park.,The boy is tossing a frisbee.,The girl is jumping to catch the frisbee.,The boy is throwing the Frisbee.,The girl is running for the Frisbee.,The jet is loud.,children playing baseball on the field.,7.704289984429951e-07,0.0
662,9859,9859,513,3,Scene513_3.png,The boy is throwing a Frisbee to the girl,The girl is not having fun.,The boy and the girl are both wearing hats.,The boy is wearing the hat.,The boy is flying the frisbee.,The girl is wearing the hat.,happy family having picnic in the park.,0.08083233871383126,0.0
663,9890,9890,728,1,Scene728_1.png,The girl is sitting in front of the swingset.,The boy is sitting in front of the slide.,The boy is wearing blue shoes.,The girl fell off the swing.,The boy is surprised at the girl.,The girl is next to the toy.,playground for children in the park illustration.,0.009248911422852581,0.0
664,9892,9892,728,5,Scene728_5.png,The boy is close to a fire.,The girl looks scared.,The boy and the girl are sitting on the ground.,The girl is sitting by the fire.,The boy is sitting by the fire.,The boy is sitting by the ball.,kids playing with fire in the forest.,0.2632923154727599,1.0
665,9899,9899,728,3,Scene728_3.png,The girl is sad because she fell down.,The boy is wearing a hat.,The boy is worried about the girl.,The girl is very surprised.,The boy has on a hat.,The boy is very shock.,boy and girl having fun on a playground.,0.056460134946505994,1.0
666,9970,9970,611,1,Scene611_1.png,The girl is wearing a funny hat.,The girl has a cup of drink in her hand.,The boy is running to see the bear.,The boy is angry at the bear.,The girl is running away from the bear.,The girl is wearing a hat.,kids having fun on the beach.,1.0347594891792346e-06,1.0
667,9973,9973,611,8,Scene611_8.png,The boy is mad at the bear.,The bear is scaring the girl.,The girl has a cup of soda.,The girl is holding the water.,The girl is wearing the hat.,The boy is scared of the bear.,person in the woods with a bear royalty free stock illustrations.,0.07200757324548443,1.0
668,9975,9975,611,9,Scene611_9.png,The bear is wearing a propeller beanie hat.,The cat is sitting behind the tree.,The girl is running from the bear.,The bear is wearing the hat.,The cat is sitting under the tree.,The boy is standing next to the tree.,a vector illustration of happy kids holding a teddy bear and giving it to a friend.,0.0872850820144238,1.0
